Team Name,Team Size,College,City,State,Status,Payment Status,Leader Name,Leader RegNo,Leader Email,Leader Phone,Leader Dept,Leader Year,Leader ID URL,Leader Accom Mar11,Leader Accom Mar13,Member 2 Name,Member 2 RegNo,Member 2 Email,Member 2 Phone,Member 2 Dept,Member 2 Year,Member 2 ID URL,Member 2 Accom Mar11,Member 2 Accom Mar13,Member 3 Name,Member 3 RegNo,Member 3 Email,Member 3 Phone,Member 3 Dept,Member 3 Year,Member 3 ID URL,Member 3 Accom Mar11,Member 3 Accom Mar13,Member 4 Name,Member 4 RegNo,Member 4 Email,Member 4 Phone,Member 4 Dept,Member 4 Year,Member 4 ID URL,Member 4 Accom Mar11,Member 4 Accom Mar13,PPT Title,PPT URL,Communication Channel,Emergency Contact,Referral,Created At
"MindMate","4","Rajiv Gandhi University of Knowledge Technologies","Srikakulam ","Andhra Pradesh","pending",,"CHAPPIDI UDAY KIRAN","S210540","s210540@rguktsklm.ac.in","8106115118","CSE","3rd","https://res.cloudinary.com/dvzm0fata/image/upload/v1771925842/hackathon_ids/MindMate_lead_CHAPPIDI_UDAY_KIRAN_ID.jpg","No","No","KOLA MOHAN VIGNESH KUMAR","S210574","s210574@rguktsklm.ac.in","9133637279","CSE","3rd","https://res.cloudinary.com/dvzm0fata/image/upload/v1771925845/hackathon_ids/MindMate_member2_KOLA_MOHAN_VIGNESH_KUMAR_ID.jpg","No","No","AMARA LOHITH","S210379","s210379@rguktsklm.ac.in","9491740691","CSE","3rd","https://res.cloudinary.com/dvzm0fata/image/upload/v1771925847/hackathon_ids/MindMate_member3_AMARA_LOHITH_ID.jpg","No","No","MOHAMMAD ABDUL MOIEN PASHA","S210523","s210523@rguktsklm.ac.in","8919489814","CSE","3rd","https://res.cloudinary.com/dvzm0fata/image/upload/v1771925848/hackathon_ids/MindMate_member4_MOHAMMAD_ABDUL_MOIEN_PASHA_ID.jpg","No","No","MindMate","https://res.cloudinary.com/dvzm0fata/raw/upload/v1771925840/hackathon_ppts/MindMate_MindMate.jpg","WhatsApp","8106115118","Friends/Peers","2/24/2026, 3:07:31 PM"
"Team Innovatex","4","Maharaja Vijayaram Gajapathi Raj college of engineering ","Vizianagaram","Andhra Pradesh","approved",,"Praveen Kumar Kondeti","24335A0509","kpk000203@gmail.com","9133662964","CSE","3rd","https://res.cloudinary.com/dvzm0fata/image/upload/v1771858112/hackathon_ids/Team_Innovatex_lead_Praveen_Kumar_Kondeti_ID.jpg","No","No","Edward Jason Jalli","23331A0573","edwardjasonjalli181@gmail.com","9347587627","CSE","3rd","https://res.cloudinary.com/dvzm0fata/image/upload/v1771858114/hackathon_ids/Team_Innovatex_member2_Edward_Jason_Jalli_ID.jpg","No","No","Phani Kumar Dhulipudi","23331A0550","phanikumardhulipudi17@gmail.com","8465008788","CSE","3rd","https://res.cloudinary.com/dvzm0fata/image/upload/v1771858114/hackathon_ids/Team_Innovatex_member3_Phani_Kumar_Dhulipudi_ID.jpg","No","No","King David Boni","23331A0522","23331a0522@mvgrce.edu.in","8328375134","CSE","3rd","https://res.cloudinary.com/dvzm0fata/image/upload/v1771858115/hackathon_ids/Team_Innovatex_member4_King_David_Boni_ID.jpg","No","No","AI PR Reviewer","https://res.cloudinary.com/dvzm0fata/raw/upload/v1771858112/hackathon_ppts/Team_Innovatex_AI_PR_Reviewer.jpg","WhatsApp","9133662964","College Faculty","2/23/2026, 8:18:38 PM"
"ANTS","4","Aditya institute of technology and management  (Tekkali )","Srikakulam","Andhra Pradesh","approved",,"PONNANA HEMALATHA","24A55A0508","hemalatha.ponnana197@gmail.com","8688669928","CSE","3rd","https://res.cloudinary.com/dvzm0fata/image/upload/v1771856621/hackathon_ids/ANTS_lead_PONNANA_HEMALATHA_ID.jpg","No","No","REGANA MERCY SUKEERTHI","24A55A0509","mercysukeerthi@gmail.com","6304142595","CSE","3rd","https://res.cloudinary.com/dvzm0fata/image/upload/v1771856622/hackathon_ids/ANTS_member2_REGANA_MERCY_SUKEERTHI_ID.jpg","No","No","PONNADA DHANUSH KUMAR ","23A51A05B6","pdhanushkumar2006@gmail.com","9490302154","CSE","3rd","https://res.cloudinary.com/dvzm0fata/image/upload/v1771856623/hackathon_ids/ANTS_member3_PONNADA_DHANUSH_KUMAR__ID.jpg","No","No","LINGUBHUKTA ABHISEKH","23A51A05A0","abhisheklingubhukta@gmail.com","9392024071","CSE","3rd","https://res.cloudinary.com/dvzm0fata/image/upload/v1771856624/hackathon_ids/ANTS_member4_LINGUBHUKTA_ABHISEKH_ID.jpg","No","No","FINDERS HUB","https://res.cloudinary.com/dvzm0fata/raw/upload/v1771856620/hackathon_ppts/ANTS_FINDERS_HUB.jpg","Email","6304142595","Friends/Peers","2/23/2026, 7:53:46 PM"
"Team Error","4","Aditya Institute of Technology and Management","Tekkali","Andhra Pradesh","approved",,"Voona Venkata Siddardha","23A51A05P1","siddardha.voona@gmail.com","8790706719","CSE","3","https://res.cloudinary.com/dvzm0fata/image/upload/v1771856195/hackathon_ids/Team_Error_lead_Voona_Venkata_Siddardha_ID.jpg","No","No","Sripurushottama Mohan Sai","23A51A05O4","mohansaispmms@gmail.com","9515230056","CSE","3","https://res.cloudinary.com/dvzm0fata/image/upload/v1771856200/hackathon_ids/Team_Error_member2_Sripurushottama_Mohan_Sai_ID.jpg","No","No","Magam Blesson","23A51A05Q0","blessonm36@gmail.com","9490207766","CSE","3","https://res.cloudinary.com/dvzm0fata/image/upload/v1771856201/hackathon_ids/Team_Error_member3_Magam_Blesson_ID.jpg","No","No","Pandiri Mohith Kumar","23A51A05P5","mohithkumarpandirigmail@gmail.com","9652243671","CSE","3","https://res.cloudinary.com/dvzm0fata/image/upload/v1771856203/hackathon_ids/Team_Error_member4_Pandiri_Mohith_Kumar_ID.jpg","No","No","RECWS - Retail Enabled Cash Withdrawal System","https://res.cloudinary.com/dvzm0fata/raw/upload/v1771856193/hackathon_ppts/Team_Error_RECWS___Retail_Enabled_Cash_Withdrawal_System.jpg","WhatsApp","8790706719","WhatsApp Group","2/23/2026, 7:46:46 PM"
"CODE KARSHAK","4","Maharaj Vijayram Gajapati Raj College Of Engineering","Vizianagaram","Andhra Pradesh","approved",,"Eesha polaveni Bandaru","24331A1210","eeshapolavenibandaru05@gmail.com","8897096053","IT","2nd","https://res.cloudinary.com/dvzm0fata/image/upload/v1771847678/hackathon_ids/CODE_KARSHAK_lead_Eesha_polaveni_Bandaru_ID.jpg","No","No","Nivrutha Narayanam","24331A4276","nivrutha006@gmail.com","8121832035","CSM","2nd","https://res.cloudinary.com/dvzm0fata/image/upload/v1771847680/hackathon_ids/CODE_KARSHAK_member2_Nivrutha_Narayanam_ID.jpg","No","No","Karthik Amara","24331A1204","karthikamara04@gmail.com","9573585683","IT","2nd","https://res.cloudinary.com/dvzm0fata/image/upload/v1771847680/hackathon_ids/CODE_KARSHAK_member3_Karthik_Amara_ID.jpg","No","No","Nani Yellanki","24331A05W8","naniyellanki72@gmail.com","9391224838","CSE","2nd","https://res.cloudinary.com/dvzm0fata/image/upload/v1771847681/hackathon_ids/CODE_KARSHAK_member4_Nani_Yellanki_ID.jpg","No","No","“Digital Forgetting: The Internet Has No Expiry Date”","https://res.cloudinary.com/dvzm0fata/raw/upload/v1771847677/hackathon_ppts/CODE_KARSHAK__Digital_Forgetting__The_Internet_Has_No_Expiry_Date_.jpg","WhatsApp","8897096053","WhatsApp Group","2/23/2026, 5:24:44 PM"
"JUST_FOR_FUN","4","MVGR COLLEGE OF ENGINEERING","VIZIANAGRAM","Andhra Pradesh","approved",,"MANDALA HEMANTH NAIDU","24331A04A8","mandala.hemanth88@gmail.com","8184963132","ECE","2nd","https://res.cloudinary.com/dvzm0fata/image/upload/v1771769412/hackathon_ids/JUST_FOR_FUN_lead_MANDALA_HEMANTH_NAIDU_ID.jpg","No","No","MUPPIDI HARSHINI","24331A04C0","harshi598.m@gamil.com","8919980598","ECE","2nd","https://res.cloudinary.com/dvzm0fata/image/upload/v1771769413/hackathon_ids/JUST_FOR_FUN_member2_MUPPIDI_HARSHINI_ID.jpg","No","No","KARIMAJJI LAVANYA","24331A084","karimajjilavanya@gmail.com","9985180874","ECE","2nd","https://res.cloudinary.com/dvzm0fata/image/upload/v1771769414/hackathon_ids/JUST_FOR_FUN_member3_KARIMAJJI_LAVANYA_ID.jpg","No","No","HANUMALASETTY SAI NANDINI","24331A0472","nandinihanumalasetty@gmail.com","9440886565","ECE","2nd","https://res.cloudinary.com/dvzm0fata/image/upload/v1771769415/hackathon_ids/JUST_FOR_FUN_member4_HANUMALASETTY_SAI_NANDINI_ID.jpg","No","No","FARM TO FORTUNE","https://res.cloudinary.com/dvzm0fata/raw/upload/v1771769410/hackathon_ppts/JUST_FOR_FUN_FARM_TO_FORTUNE.jpg","WhatsApp","8184963132","WhatsApp Group","2/22/2026, 7:40:17 PM"
"Dominators","3","Aditya Institute of Technology and Management","Tekkali","Andhra Pradesh","approved","paid","Tungana Lokesh","22A51A42C6","lokeshtungana36@gmail.com","8688265481","CSM","4","https://res.cloudinary.com/dvzm0fata/image/upload/v1771768677/hackathon_ids/Dominators_lead_Tungana_Lokesh_ID.jpg","No","No","Arjala Vivek","22A51A4267","kh7841651@gmail.com","9346295874","CSM","4","https://res.cloudinary.com/dvzm0fata/image/upload/v1771249466/hackathon_ids/Dominators_member2_Arjala_Vivek_ID.jpg","No","No","Gurrala Anirudh","23A55A4202","jayanthgurrala@gmail.com","9949718029","CSM","4","https://res.cloudinary.com/dvzm0fata/image/upload/v1771768679/hackathon_ids/Dominators_member3_Gurrala_Anirudh_ID.jpg","No","No",,,,,,,,,,"AI Orchestration Engine for Cancer Hospitals","https://res.cloudinary.com/dvzm0fata/raw/upload/v1771768676/hackathon_ppts/Dominators_AI_Orchestration_Engine_for_Cancer_Hospitals.jpg","WhatsApp","8688265481","Friends/Peers","2/22/2026, 7:28:02 PM"
"Team-Arjuna","4","SRKR ENGINEERING COLLEGE ","Bhimavaram","Andhra Pradesh","approved",,"Semalla vivek","23B91A61G4","semallavivek1@gmail.com","8688186336","AIML ","3rd","https://res.cloudinary.com/dvzm0fata/image/upload/v1771691897/hackathon_ids/Team_Arjuna_lead_Semalla_vivek_ID.jpg","No","No","Terli Chaitanya ","23B91A61I0 ","terlichaitanya05@gmail.com","7995171005","AIML ","3rd","https://res.cloudinary.com/dvzm0fata/image/upload/v1771691909/hackathon_ids/Team_Arjuna_member2_Terli_Chaitanya__ID.jpg","No","No","V V N S pavan","23B91A61I5","vvnspavan@gmail.com","7396896844","AIML","3rd ","https://res.cloudinary.com/dvzm0fata/image/upload/v1771691912/hackathon_ids/Team_Arjuna_member3_V_V_N_S_pavan_ID.jpg","No","No","V N T krishna","23B91A61I7","krishnaveerla219@gmail.com","8019890145","Aiml","3rd","https://res.cloudinary.com/dvzm0fata/image/upload/v1771691914/hackathon_ids/Team_Arjuna_member4_V_N_T_krishna_ID.jpg","No","No","Intelligent AI-Based Academic Paper Evaluation System to Overcome the Consensus Paradox","https://res.cloudinary.com/dvzm0fata/raw/upload/v1771691891/hackathon_ppts/Team_Arjuna_Intelligent_AI_Based_Academic_Paper_Evaluation_System_to_Overcome_the_Consensus_Paradox.jpg","WhatsApp","7995171005","Friends/Peers","2/21/2026, 10:08:36 PM"
"Elite Trio","3","Lendi institute of technology ","Vishakapatnam ","Andhra Pradesh","approved",,"Sasikanthkothakota ","25KD1A05G6 ","sasikothakota000@gmail.com","9959694756","CSE ","1st year","https://res.cloudinary.com/dvzm0fata/image/upload/v1771645741/hackathon_ids/Elite_Trio_lead_Sasikanthkothakota__ID.jpg","No","No","Kotla charuhasini ","25KD1A05G8","charuhasinikotla@gmail.com","9346299701","CSE ","1st year","https://res.cloudinary.com/dvzm0fata/image/upload/v1771645742/hackathon_ids/Elite_Trio_member2_Kotla_charuhasini__ID.jpg","No","No","M rahul vinay","25KD1A0378","rahulyadav868820@gmail.com","8688204273","MECH","1st year ","https://res.cloudinary.com/dvzm0fata/image/upload/v1771645743/hackathon_ids/Elite_Trio_member3_M_rahul_vinay_ID.jpg","No","No",,,,,,,,,,"Career guidance ","https://res.cloudinary.com/dvzm0fata/raw/upload/v1771645740/hackathon_ppts/Elite_Trio_Career_guidance_.jpg","WhatsApp","9959694756","Social Media (Instagram/LinkedIn)","2/21/2026, 9:19:05 AM"
"Algo Avengers ","4","GMR Institute of Technology","Rajam","Andhra Pradesh","approved",,"V. Venkata jagan","23341A12C5","jagan8500726@gmail.com","9494589359","IT","3rd","https://res.cloudinary.com/dvzm0fata/image/upload/v1771612352/hackathon_ids/Algo_Avengers__lead_V__Venkata_jagan_ID.jpg","No","No","N.Sindhu Sir","23341A1278","nartusindhusri@gmail.com","8019463885","IT","3rd","https://res.cloudinary.com/dvzm0fata/image/upload/v1771612353/hackathon_ids/Algo_Avengers__member2_N_Sindhu_Sir_ID.jpg","No","No","N.K.Madhan","23341A1279","nkmadhan1975@gmail.com","7892517174","IT","3rd","https://res.cloudinary.com/dvzm0fata/image/upload/v1771612355/hackathon_ids/Algo_Avengers__member3_N_K_Madhan_ID.jpg","No","No","Y.Ishwarya","23341A1248","ishwaryayenni135@gmail.com","7337007975","IT","3rd","https://res.cloudinary.com/dvzm0fata/image/upload/v1771612355/hackathon_ids/Algo_Avengers__member4_Y_Ishwarya_ID.jpg","No","No","Acharya: Navigating the Future of Career Development with AI","https://res.cloudinary.com/dvzm0fata/raw/upload/v1771612350/hackathon_ppts/Algo_Avengers__Acharya__Navigating_the_Future_of_Career_Development_with_AI.jpg","Phone Call","9494589359","Friends/Peers","2/21/2026, 12:02:38 AM"
"The Helens","3","Aditya Institute of Technology and Management","Tekkali,Srikakulam","Andhra Pradesh","approved",,"Pujari Laxmipriya Panda","23A51A05M6","23a51a05m6laxmipriya@gmail.com","9390020110","CSE","3rd","https://res.cloudinary.com/dvzm0fata/image/upload/v1771610149/hackathon_ids/The_Helens_lead_Pujari_Laxmipriya_Panda_ID.jpg","No","No","Nandamudi Jahnavi","23A51A05N1","jahnavinandamudi4u@gmail.com","9542026625","CSE","3rd","https://res.cloudinary.com/dvzm0fata/image/upload/v1771610150/hackathon_ids/The_Helens_member2_Nandamudi_Jahnavi_ID.jpg","No","No","Bannada Deepthi","23A51A05K8","bannadadeepthi@gmail.com","7569492898","CSE","3rd","https://res.cloudinary.com/dvzm0fata/image/upload/v1771610151/hackathon_ids/The_Helens_member3_Bannada_Deepthi_ID.jpg","No","No",,,,,,,,,,"SMARTSKILL","https://res.cloudinary.com/dvzm0fata/raw/upload/v1771610148/hackathon_ppts/The_Helens_SMARTSKILL.jpg","WhatsApp","9390020110","Friends/Peers","2/20/2026, 11:25:53 PM"
"DIGITAL DINAMOS","4","ADITYA INSTITUTES OF TECHNOLOGY AND MANAGMENTS","TEKKALI","Andhra Pradesh","approved",,"B.VYSHNAVI","25A55A0404","bvyshu70@gmail.com","7093874949","ECE","2ND","https://res.cloudinary.com/dvzm0fata/image/upload/v1771603433/hackathon_ids/DIGITAL_DINAMOS_lead_B_VYSHNAVI_ID.jpg","No","No","D.NEELIMA","24A51A0416","neelimadadi2007@gmail.com","9063545050","ECE","2ND","https://res.cloudinary.com/dvzm0fata/image/upload/v1771603435/hackathon_ids/DIGITAL_DINAMOS_member2_D_NEELIMA_ID.jpg","No","No","A.BHARGAVI","25A55A0402","bhargaviarangi0@gmail.com","6300345491","ECE","2ND","https://res.cloudinary.com/dvzm0fata/image/upload/v1771603436/hackathon_ids/DIGITAL_DINAMOS_member3_A_BHARGAVI_ID.jpg","No","No","S.AKHILA","24A51A0458","akhilasingipurapu@gmail.com","9493076601","ECE","2ND","https://res.cloudinary.com/dvzm0fata/image/upload/v1771603453/hackathon_ids/DIGITAL_DINAMOS_member4_S_AKHILA_ID.jpg","No","No","harmonic-free ac power control using integral cycle switching method","https://res.cloudinary.com/dvzm0fata/raw/upload/v1771603432/hackathon_ppts/DIGITAL_DINAMOS_harmonic_free_ac_power_control_using_integral_cycle_switching_method.jpg","WhatsApp","7093874949","College Faculty","2/20/2026, 9:34:32 PM"
"SYNKROS","4","ANDHRA UNIVERSITY COLLEGE OF ENGINEERING","VISAKHAPATNAM","Andhra Pradesh","approved",,"NITHYA NAGIREDDI","324106918022","nithya19nagireddi@gmail.com","8639250274","Naval Architecture","2nd","https://res.cloudinary.com/dvzm0fata/image/upload/v1771575927/hackathon_ids/SYNKROS_lead_NITHYA_NAGIREDDI_ID.jpg","No","No","ARASADA SRI SAI CHARAN","324506402036","cherry2544t@gmail.com","8374306576","CSE","2nd","https://res.cloudinary.com/dvzm0fata/image/upload/v1771575928/hackathon_ids/SYNKROS_member2_ARASADA_SRI_SAI_CHARAN_ID.jpg","No","No","NEHA VAILADA","324106918030","nehavailada@gmail.com","8790182467","Naval Architecture","2nd","https://res.cloudinary.com/dvzm0fata/image/upload/v1771575930/hackathon_ids/SYNKROS_member3_NEHA_VAILADA_ID.jpg","No","No","ANISAH KAUSAR","324506402030","anisahkausar1734@gmail.com","9391726660","CSE","2nd","https://res.cloudinary.com/dvzm0fata/image/upload/v1771575931/hackathon_ids/SYNKROS_member4_ANISAH_KAUSAR_ID.jpg","No","No","BIT-Bus Information Tracker","https://res.cloudinary.com/dvzm0fata/raw/upload/v1771575925/hackathon_ppts/SYNKROS_BIT_Bus_Information_Tracker.jpg","WhatsApp","8639250274","Friends/Peers","2/20/2026, 1:55:33 PM"
"TECHSPARKS","4","GIET ENGINEERING COLLEGE","RAJAHMUNDRY","Andhra Pradesh","approved",,"GANNAVARAPU . VAMSHI KRISHNA","25T95A0506","vamshikrish2976@gmail.com","9959964718","CSE","2nd YEAR","https://res.cloudinary.com/dvzm0fata/image/upload/v1771573333/hackathon_ids/TECHSPARKS_lead_GANNAVARAPU___VAMSHI_KRISHNA_ID.jpg","No","No","KAKARA.JAMES","25T95A0511","sidduip77@gmail.com","9849058863","CSE","2nd YEAR","https://res.cloudinary.com/dvzm0fata/image/upload/v1771573598/hackathon_ids/TECHSPARKS_member2_KAKARA_JAMES_ID.jpg","No","No","BALLIPATI.PRAVEEN KUMAR","25T95A0501","praveenkumarballipati167@gmail.com","7396099227","CSE","2nd YEAR","https://res.cloudinary.com/dvzm0fata/image/upload/v1771573599/hackathon_ids/TECHSPARKS_member3_BALLIPATI_PRAVEEN_KUMAR_ID.jpg","No","No","PUTTA.NAYANISHA","25T95A0532","nayanishaputta59@gmail.com","9390265498","CSE","2nd YEAR","https://res.cloudinary.com/dvzm0fata/image/upload/v1771573600/hackathon_ids/TECHSPARKS_member4_PUTTA_NAYANISHA_ID.jpg","No","No","QUANTUM OPTIMIZATION PORFOLIO OPTIMIZATION","https://res.cloudinary.com/dvzm0fata/raw/upload/v1771573327/hackathon_ppts/TECHSPARKS_QUANTUM_OPTIMIZATION_PORFOLIO_OPTIMIZATION.jpg","WhatsApp","8142166863","Social Media (Instagram/LinkedIn)","2/20/2026, 1:16:42 PM"
"Cache Nexus","4","Nadimpalli Satyanarayana Raju Institute of Technology","Visakhapatnam","Andhra Pradesh","approved","paid","VANAPALLI LIKHITHA","25nu1a04N6","25nu1a04n6@nsrit.edu.in","6303598243","ECE","1st ","https://res.cloudinary.com/dvzm0fata/image/upload/v1771561536/hackathon_ids/Cache_Nexus_lead_VANAPALLI_LIKHITHA_ID.jpg","No","No","Galla Divya Sri","25nu1a0475","25nu1a0475@nsrit.edu.in","6303412435","ECE","1st","https://res.cloudinary.com/dvzm0fata/image/upload/v1771561537/hackathon_ids/Cache_Nexus_member2_Galla_Divya_Sri_ID.jpg","No","No","Gnanadeep Yenneti ","23nu1a05d2","deepu33025@gmail.com","7671954414","CSE","3rd","https://res.cloudinary.com/dvzm0fata/image/upload/v1771561539/hackathon_ids/Cache_Nexus_member3_Gnanadeep_Yenneti__ID.jpg","No","No","Lohith Varma Gottumukkala","23nu1a0586","lohithvarm916@gmail.com","6302519949","CSE","3rd","https://res.cloudinary.com/dvzm0fata/image/upload/v1771561540/hackathon_ids/Cache_Nexus_member4_Lohith_Varma_Gottumukkala_ID.jpg","No","No","Eco-ED","https://res.cloudinary.com/dvzm0fata/raw/upload/v1771561518/hackathon_ppts/Cache_Nexus_Eco_ED.jpg","WhatsApp","6303598243","Friends/Peers","2/20/2026, 9:55:42 AM"
"Infinity loop","3","Maharaja vijayaram gajapati raj college of engineering ","Vizianagaram ","Andhra Pradesh","approved","paid","Kolla Lowkika","24335A0508","kolalowkika2005@gmail.com","9493044774","CSE","3 rd","https://res.cloudinary.com/dvzm0fata/image/upload/v1771557586/hackathon_ids/Infinity_loop_lead_Kolla_Lowkika_ID.jpg","No","No","Velamala Priyaharsha","24A55A0510","velamalapriyaharsha88@gmail.com","8121462024","CSE","3 rd","https://res.cloudinary.com/dvzm0fata/image/upload/v1771557587/hackathon_ids/Infinity_loop_member2_Velamala_Priyaharsha_ID.jpg","No","No","Mandala Narendra ","25B65A4505","mandalanarendra2@gmail.com","8121129500","AI&DS","2 nd","https://res.cloudinary.com/dvzm0fata/image/upload/v1771557588/hackathon_ids/Infinity_loop_member3_Mandala_Narendra__ID.jpg","No","No",,,,,,,,,,"Smart crop Advisory system for small farmers ","https://res.cloudinary.com/dvzm0fata/raw/upload/v1771557584/hackathon_ppts/Infinity_loop_Smart_crop_Advisory_system_for_small_farmers_.jpg","Phone Call","9493044774","Friends/Peers","2/20/2026, 8:49:50 AM"
"ByteCraft","4","GMR INSTITUTE OF TECHNOLOGY","Razam","Andhra Pradesh","approved",,"Bhargav Sylaka","23341A12B3","sylakabhargav07@gmail.com","7337084500","IT","3rd","https://res.cloudinary.com/dvzm0fata/image/upload/v1771523791/hackathon_ids/ByteCraft_lead_Bhargav_Sylaka_ID.jpg","No","No","Hemanth Kattamuri","23341A4248","k.hemanth2174@gmail.com","9398368840","CSE-AI&ML","3rd","https://res.cloudinary.com/dvzm0fata/image/upload/v1771523793/hackathon_ids/ByteCraft_member2_Hemanth_Kattamuri_ID.jpg","No","No","Kotta Guru Gyana Siva Sai","23341A1262","saikotta1205@gmail.com","8522814753","IT","3rd","https://res.cloudinary.com/dvzm0fata/image/upload/v1771523794/hackathon_ids/ByteCraft_member3_Kotta_Guru_Gyana_Siva_Sai_ID.jpg","No","No","Prasanna kosireddy","23341A1260","Prasannakosireddy3@gmail.com","8919867472","IT","3rd","https://res.cloudinary.com/dvzm0fata/image/upload/v1771523796/hackathon_ids/ByteCraft_member4_Prasanna_kosireddy_ID.jpg","No","No","AI-Driven Behavioral Risk Intelligence System","https://res.cloudinary.com/dvzm0fata/raw/upload/v1771523790/hackathon_ppts/ByteCraft_AI_Driven_Behavioral_Risk_Intelligence_System.jpg","WhatsApp","7337084500","Friends/Peers","2/19/2026, 11:26:38 PM"
"Vison_","4","AITAM","Tekkali, CHAKIPALLI KOTTURU ","Andhra Pradesh","approved","paid","Pasupureddy Tanuj","24A51A0451","tanujtejesh@gmail.com","6281432507","ECR","2nd","https://res.cloudinary.com/dvzm0fata/image/upload/v1771523393/hackathon_ids/Vison__lead_Pasupureddy_Tanuj_ID.jpg","No","No","M.Dixitha","24A51A0437","maddiladixitha@gmail.com","8919928040","ECE","2nd ","https://res.cloudinary.com/dvzm0fata/image/upload/v1771523394/hackathon_ids/Vison__member2_M_Dixitha_ID.jpg","No","No","R.Koumudi","24A51A0456","erkoumudi@gmail.com","7993646989","ECE","2nd","https://res.cloudinary.com/dvzm0fata/image/upload/v1771523395/hackathon_ids/Vison__member3_R_Koumudi_ID.jpg","No","No","B.Tanusha  ","24A51A0413 ","tanushabouri@gmail.com","9701736758","ECE","2nd","https://res.cloudinary.com/dvzm0fata/image/upload/v1771523396/hackathon_ids/Vison__member4_B_Tanusha___ID.jpg","No","No","Vison_","https://res.cloudinary.com/dvzm0fata/raw/upload/v1771523391/hackathon_ppts/Vison__Vison_.jpg","WhatsApp","6281432507","College Faculty","2/19/2026, 11:19:59 PM"
"Team ELITE4","4","Aditya Institute Of Technology and Management","Tekkali","Andhra Pradesh","approved","paid","Akhilesh Katam","23A51A05G1","akhilesh112606@gmail.com","8463915216","CSE","3rd","https://res.cloudinary.com/dvzm0fata/image/upload/v1771523329/hackathon_ids/Team_ELITE4_lead_Akhilesh_Katam_ID.png","No","No","P Gayatri","23A51A05H9","23a51a05h9@adityatekkali.edu.in","6309825945","CSE","3rd","https://res.cloudinary.com/dvzm0fata/image/upload/v1771523330/hackathon_ids/Team_ELITE4_member2_P_Gayatri_ID.jpg","No","No","R Durga Reddy Pavan Kumar","23A51A05N6","23a51a05n6@gmail.com","9014051632","CSE","3rd","https://res.cloudinary.com/dvzm0fata/image/upload/v1771523331/hackathon_ids/Team_ELITE4_member3_R_Durga_Reddy_Pavan_Kumar_ID.jpg","No","No","M Srinivas Buktha","24A51A1242","24a51a1242@adityatekkali.edu.in","6303381189","IT","2nd","https://res.cloudinary.com/dvzm0fata/image/upload/v1771523332/hackathon_ids/Team_ELITE4_member4_M_Srinivas_Buktha_ID.jpg","No","No","Justice AI - An Automated FIR Analyzer","https://res.cloudinary.com/dvzm0fata/raw/upload/v1771523327/hackathon_ppts/Team_ELITE4_Justice_AI___An_Automated_FIR_Analyzer.jpg","WhatsApp","9014051632","College Faculty","2/19/2026, 11:18:54 PM"
"Team OG","4","Aditya Institute Of Technology & Management","Tekkali","Andhra Pradesh","approved","paid","Rakesh Munikoti","24A51A05H5","rakeshmunikoti04@gmail.com","9777326605","CSE","2nd","https://res.cloudinary.com/dvzm0fata/image/upload/v1771522860/hackathon_ids/Team_OG_lead_Rakesh_Munikoti_ID.jpg","No","No","Govardhan Tumarada","24A51A05J4","govardhantumarada3@gmail.com","9182713687","CSE","2nd","https://res.cloudinary.com/dvzm0fata/image/upload/v1771522861/hackathon_ids/Team_OG_member2_Govardhan_Tumarada_ID.jpg","No","No","Bhargavi Mojjada","24A51A05A1","bhargavimojjada@gmail.com","8985316949","CSE","2nd","https://res.cloudinary.com/dvzm0fata/image/upload/v1771522862/hackathon_ids/Team_OG_member3_Bhargavi_Mojjada_ID.jpg","No","No","Vana Purnachandra Sekhar","23A51A05K0","purnavana@gmail.com","7013392554","CSE","3rd","https://res.cloudinary.com/dvzm0fata/image/upload/v1771522863/hackathon_ids/Team_OG_member4_Vana_Purnachandra_Sekhar_ID.png","No","No","Verified Credentials. Unverified User.","https://res.cloudinary.com/dvzm0fata/raw/upload/v1771522860/hackathon_ppts/Team_OG_Verified_Credentials__Unverified_User_.jpg","Phone Call","9777326605","Friends/Peers","2/19/2026, 11:11:05 PM"
"THE INNOVATORS","4","NRI INSTITUTE OF TECHNOLOGY"," VIJAYAWADA","Andhra Pradesh","approved",,"N.Venu Madhavi","24KN1A05DX","nadamunivenumadhavi29@gmail.com","8328684419","CSE","2nd Year","https://res.cloudinary.com/dvzm0fata/image/upload/v1771520565/hackathon_ids/THE_INNOVATORS_lead_N_Venu_Madhavi_ID.jpg","No","No","P. Gnana Saketh","323103382041","gnannsaketh.periyala@gmail.com","9492238410","CSE(AI&ML)","3rd year","https://res.cloudinary.com/dvzm0fata/image/upload/v1771520568/hackathon_ids/THE_INNOVATORS_member2_P__Gnana_Saketh_ID.jpg","No","No","M. Kanishka","24KN1A05DF","kanishkamattupalli961@gmail.com","8978019490","CSE","2nd year","https://res.cloudinary.com/dvzm0fata/image/upload/v1771520570/hackathon_ids/THE_INNOVATORS_member3_M__Kanishka_ID.jpg","No","No","N. Bhuvana","24KN1A05ED","bhuvana.nunna0724@gmail.com","9989538674","CSE","2nd year","https://res.cloudinary.com/dvzm0fata/image/upload/v1771520571/hackathon_ids/THE_INNOVATORS_member4_N__Bhuvana_ID.jpg","No","No","Google Meet Extension","https://res.cloudinary.com/dvzm0fata/raw/upload/v1771520564/hackathon_ppts/THE_INNOVATORS_Google_Meet_Extension.jpg","Phone Call","9492238410","Friends/Peers","2/19/2026, 10:32:53 PM"
"TEAM VISIONGUARD","2","GITAM UNIVERSITY","Visakhapatnam","Andhra Pradesh","approved",,"PALETI EKENDRA KRISHNA KAUSHIK","2023001575","kaushikp7188@gmail.com","9398828072","CSE","3rd","https://res.cloudinary.com/dvzm0fata/image/upload/v1771518002/hackathon_ids/TEAM_VISIONGUARD_lead_PALETI_EKENDRA_KRISHNA_KAUSHIK_ID.jpg","No","No","Lakku Dheeraj Reddy","2023008163","dlakku@gitam.in","8919938691","CSE","3rd","https://res.cloudinary.com/dvzm0fata/image/upload/v1771518003/hackathon_ids/TEAM_VISIONGUARD_member2_Lakku_Dheeraj_Reddy_ID.jpg","No","No",,,,,,,,,,,,,,,,,,,"VisionGuard: AI-Powered Retinal Disease Detection","https://res.cloudinary.com/dvzm0fata/raw/upload/v1771518001/hackathon_ppts/TEAM_VISIONGUARD_VisionGuard__AI_Powered_Retinal_Disease_Detection.jpg","WhatsApp","9490577609","Social Media (Instagram/LinkedIn)","2/19/2026, 9:50:05 PM"
"Meta Morphers","4","Gayatri Vidya Parishad College for Degree and PG Courses(A)","vizag","Andhra Pradesh","approved",,"Bathakari Vishnu","5231411020","bv793123@gmail.com","9848279925","CSE","3rd","https://res.cloudinary.com/dvzm0fata/image/upload/v1771516625/hackathon_ids/Meta_Morphers_lead_Bathakari_Vishnu_ID.jpg","No","No","Mogelinedi Venkateswara Rao","5241412038","venkateswara.071205@gmail.com","9014203846","CSM","2nd ","https://res.cloudinary.com/dvzm0fata/image/upload/v1771516630/hackathon_ids/Meta_Morphers_member2_Mogelinedi_Venkateswara_Rao_ID.jpg","No","No","Sivalenka Sahasra","5241412049","shasv.4718@gmail.com","6281887361","CSM","2nd","https://res.cloudinary.com/dvzm0fata/image/upload/v1771516637/hackathon_ids/Meta_Morphers_member3_Sivalenka_Sahasra_ID.jpg","No","No","Jami Sindhuja","5241412061","sindhuja01112006@gmail.com","7075888576","CSM","2nd","https://res.cloudinary.com/dvzm0fata/image/upload/v1771516641/hackathon_ids/Meta_Morphers_member4_Jami_Sindhuja_ID.jpg","No","No","Quantum VIZ","https://res.cloudinary.com/dvzm0fata/raw/upload/v1771516619/hackathon_ppts/Meta_Morphers_Quantum_VIZ.jpg","WhatsApp","9848279925","Friends/Peers","2/19/2026, 9:27:23 PM"
"AI Avengers ","3","Aditya Institute of Technology and Management","tekkali","Andhra Pradesh","approved",,"Burjangi krishna","24A55A4405","krishnaburjangi@gmail.com","7207043133","CSD","3rd","https://res.cloudinary.com/dvzm0fata/image/upload/v1771512815/hackathon_ids/AI_Avengers__lead_Burjangi_krishna_ID.jpg","No","No","Bendi hari krishna ","23A51A4406","harikrishnabendi31@gmail.com","7569513365","CSD","3rd","https://res.cloudinary.com/dvzm0fata/image/upload/v1771512816/hackathon_ids/AI_Avengers__member2_Bendi_hari_krishna__ID.jpg","No","No","Bolla mahendra","24A55A4403","mahendrabolla51@gmail.com","9550879245","CSD","3rd","https://res.cloudinary.com/dvzm0fata/image/upload/v1771512817/hackathon_ids/AI_Avengers__member3_Bolla_mahendra_ID.jpg","No","No",,,,,,,,,,"AI Avengers ","https://res.cloudinary.com/dvzm0fata/raw/upload/v1771512814/hackathon_ppts/AI_Avengers__AI_Avengers_.jpg","WhatsApp","7207043133","Friends/Peers","2/19/2026, 8:23:39 PM"
"DATA DREAMERS","4","Lendi Institute of technology ","Vizianagaram ","Andhra Pradesh","approved",,"L.Bhargava","25KD1A05I0","lbhargava0302@gmail.com","8328538140","CSE","1st","https://res.cloudinary.com/dvzm0fata/image/upload/v1771509638/hackathon_ids/DATA_DREAMERS_lead_L_Bhargava_ID.jpg","No","No","K.Sowmya","25KD1A05H4","sowmya.kumburku2007@gmail.com","8019554241","CSE","1st","https://res.cloudinary.com/dvzm0fata/image/upload/v1771509642/hackathon_ids/DATA_DREAMERS_member2_K_Sowmya_ID.jpg","No","No","K.K Sai Jaideep","25KD1A05H8","saijaideep2008@gmail.com","7286948392","CSE ","1st ","https://res.cloudinary.com/dvzm0fata/image/upload/v1771509646/hackathon_ids/DATA_DREAMERS_member3_K_K_Sai_Jaideep_ID.jpg","No","No","B.K.S.Manoj Kumar","25KD1A0420","manoj549179@gmail.com","9154230869","ECE","1st","https://res.cloudinary.com/dvzm0fata/image/upload/v1771509648/hackathon_ids/DATA_DREAMERS_member4_B_K_S_Manoj_Kumar_ID.jpg","No","No","Productivity Battle Arena","https://res.cloudinary.com/dvzm0fata/raw/upload/v1771509636/hackathon_ppts/DATA_DREAMERS_Productivity_Battle_Arena.jpg","WhatsApp","8328538140","WhatsApp Group","2/19/2026, 7:30:51 PM"
"DEEPTHINKERS","4","MVGR COLLEGE OF ENGINEERING","VIZIANAGARAM","Andhra Pradesh","approved","paid","P.SAI KIRAN","A24126511038","peddinisaikiran.24.it@anits.edu.in","8074336120","IT","2ND","https://res.cloudinary.com/dvzm0fata/image/upload/v1771509021/hackathon_ids/DEEPTHINKERS_lead_P_SAI_KIRAN_ID.jpg","No","No","G.JAHNAVI","24A51A0423","jahnavigudla2007@gmail.com","9440001821","ECE","2ND","https://res.cloudinary.com/dvzm0fata/image/upload/v1771509023/hackathon_ids/DEEPTHINKERS_member2_G_JAHNAVI_ID.jpg","No","No","HEMASREE MAVURU","24331A4439","hemasree.mavuru@gmail.com","6302349978","CSE(DS)","2ND","https://res.cloudinary.com/dvzm0fata/image/upload/v1771509026/hackathon_ids/DEEPTHINKERS_member3_HEMASREE_MAVURU_ID.jpg","No","No","RAVI KIRAN PEDDINI","2452890327","ravikiranpeddini@gmail.com","9398431424","BSC (DATA SCIENCE)","2ND","https://res.cloudinary.com/dvzm0fata/image/upload/v1771509033/hackathon_ids/DEEPTHINKERS_member4_RAVI_KIRAN_PEDDINI_ID.jpg","No","No","SMART CIVIC AND HEALTHCARE CONNECT","https://res.cloudinary.com/dvzm0fata/raw/upload/v1771509019/hackathon_ppts/DEEPTHINKERS_SMART_CIVIC_AND_HEALTHCARE_CONNECT.jpg","WhatsApp","6392349978","College Faculty","2/19/2026, 7:20:54 PM"
"Synapse_Squad","4","Maharaj Vijayaram Gajapathi Raj college of Engineering","Vizianagaram","Andhra Pradesh","approved",,"Sandaka Anish Nihaal","24331A42A5","anish.sandaka1806@gmail.com","9390989576","CSM","2nd","https://res.cloudinary.com/dvzm0fata/image/upload/v1771507492/hackathon_ids/Synapse_Squad_lead_Sandaka_Anish_Nihaal_ID.jpg","No","No","Uday Tharlada","24331A42B9","udayram9652@gmail.com","9550337909","CSM","2nd","https://res.cloudinary.com/dvzm0fata/image/upload/v1771507493/hackathon_ids/Synapse_Squad_member2_Uday_Tharlada_ID.jpg","No","No","Ananth Veturi","24331A42D1","ananthveturi@gmail.com","6303969421","CSM","2nd","https://res.cloudinary.com/dvzm0fata/image/upload/v1771507494/hackathon_ids/Synapse_Squad_member3_Ananth_Veturi_ID.jpg","No","No","Gokul sri Palaka","24331A4281","gokulsripalaka1234@gmail.com","7989294982","CSM","2nd","https://res.cloudinary.com/dvzm0fata/image/upload/v1771507495/hackathon_ids/Synapse_Squad_member4_Gokul_sri_Palaka_ID.jpg","No","No","Career verse","https://res.cloudinary.com/dvzm0fata/raw/upload/v1771507491/hackathon_ppts/Synapse_Squad_Career_verse.jpg","WhatsApp","9390989576","Social Media (Instagram/LinkedIn)","2/19/2026, 6:54:57 PM"
"Syntax Error","4","Jawaharalal Technological University Kakinada","Kakinada","Andhra Pradesh","approved","paid","V Kushwanth","24026A0508","kushwanthvk@gmail.com","7989298909","CSE","2nd","https://res.cloudinary.com/dvzm0fata/image/upload/v1771506074/hackathon_ids/Syntax_Error_lead_V_Kushwanth_ID.png","No","No","N. Sai Sreeja","24026A0506","saisreejanamburi2006@gmail.com","9490999940","CSE ","2nd","https://res.cloudinary.com/dvzm0fata/image/upload/v1771506079/hackathon_ids/Syntax_Error_member2_N__Sai_Sreeja_ID.jpg","No","No","S. Shanmukha Siri","24026A4214","shanmukhasirisatti@gmail.com","7995270586","CSE - AIML","2nd","https://res.cloudinary.com/dvzm0fata/image/upload/v1771506083/hackathon_ids/Syntax_Error_member3_S__Shanmukha_Siri_ID.jpg","No","No","A. Shanmukh","24026A0501","shanmukh23092006@gmail.com","7989990455","CSE","2nd","https://res.cloudinary.com/dvzm0fata/image/upload/v1771506085/hackathon_ids/Syntax_Error_member4_A__Shanmukh_ID.jpg","No","No","AquaScope","https://res.cloudinary.com/dvzm0fata/raw/upload/v1771506070/hackathon_ppts/Syntax_Error_AquaScope.jpg","WhatsApp","7989298909","Friends/Peers","2/19/2026, 6:31:27 PM"
"TEAM APEX","4","  Maharaj Vijayaram Gajapathi Raj College of Engineering (Autonomous)","VIZIANAGARAM","Andhra Pradesh","approved",,"Sahukari Praneeth ","24331A05Q5","praneethsahukari4@gmail.com","9346720769","CSE","2ND YEAR","https://res.cloudinary.com/dvzm0fata/image/upload/v1771489787/hackathon_ids/TEAM_APEX_lead_Sahukari_Praneeth__ID.jpg","No","No","Vaishnavi Saraswathula","24331A05R0","vaishnavisaraswathula@gmail.com","9502986741","CSE","2ND","https://res.cloudinary.com/dvzm0fata/image/upload/v1771489795/hackathon_ids/TEAM_APEX_member2_Vaishnavi_Saraswathula_ID.jpg","No","No","Shek Munthaj begam","24331A05R3","shekmunthaj25@gmail.com","8688209813","CSE","2ND","https://res.cloudinary.com/dvzm0fata/image/upload/v1771489798/hackathon_ids/TEAM_APEX_member3_Shek_Munthaj_begam_ID.jpg","Yes","No","Surapu Hema vardhan naidu","24331A05S4","surapuhemavardhan1709@gmail.com","8187831777","CSE","2ND","https://res.cloudinary.com/dvzm0fata/image/upload/v1771489801/hackathon_ids/TEAM_APEX_member4_Surapu_Hema_vardhan_naidu_ID.jpg","No","No","CARBONFOOTPRINTSTRACKINGANDREDUCTION","https://res.cloudinary.com/dvzm0fata/raw/upload/v1771489783/hackathon_ppts/TEAM_APEX_CARBONFOOTPRINTSTRACKINGANDREDUCTION.jpg","Phone Call","9346720769","Posters/Flyers","2/19/2026, 2:00:04 PM"
"XLR-8","4","Jawaharlal Nehru Technological University ","Kakinada","Andhra Pradesh","approved","paid","Bhimavarapu Hemanth","24026A0502","hemanthphani3@gmail.com","9169225566","CSE","2nd","https://res.cloudinary.com/dvzm0fata/image/upload/v1771486656/hackathon_ids/XLR_8_lead_Bhimavarapu_Hemanth_ID.png","No","No","Jain Kumar","22981A4254","janikumar2004@gmail.com","7095237953","CSE (AI&ML)","4th year","https://res.cloudinary.com/dvzm0fata/image/upload/v1771486657/hackathon_ids/XLR_8_member2_Jain_Kumar_ID.jpg","No","No","Manchala Chandru Rahul Yona","24026A0504","chandru.rahul2006@gmail.com","7075062238","CSE","2nd","https://res.cloudinary.com/dvzm0fata/image/upload/v1771486658/hackathon_ids/XLR_8_member3_Manchala_Chandru_Rahul_Yona_ID.jpg","No","No","Vepada Keerthi Prasana","24026A0509","keerthiprasuna96@gmail.com","7286991066","CSE","2nd","https://res.cloudinary.com/dvzm0fata/image/upload/v1771486659/hackathon_ids/XLR_8_member4_Vepada_Keerthi_Prasana_ID.jpg","No","No","Ark-AI","https://res.cloudinary.com/dvzm0fata/raw/upload/v1771486654/hackathon_ppts/XLR_8_Ark_AI.jpg","Email","9169225566","Friends/Peers","2/19/2026, 1:07:40 PM"
"Ctrl + AI","4","Maharaj Vijayaram Gajapathi Raj College of Engineering (Autonomous)","Chintalavalasa","Andhra Pradesh","approved",,"PEDIREDLA GAGANA SINDHU","25335A4209","sindhhupediredla@gmail.com","9391507520","CSM","2ND","https://res.cloudinary.com/dvzm0fata/image/upload/v1771463180/hackathon_ids/Ctrl___AI_lead_PEDIREDLA_GAGANA_SINDHU_ID.jpg","No","No","GANTAKURA AKSHAY GANESH","25335A1203","gmkakshay@gmail.com","9392671947","IT","2ND ","https://res.cloudinary.com/dvzm0fata/image/upload/v1771463181/hackathon_ids/Ctrl___AI_member2_GANTAKURA_AKSHAY_GANESH_ID.jpg","No","No","LIMMALA SUJITH KUMAR","25335A0516","l.sujithkumar154@gmail.com","9381801477","CSE","2ND","https://res.cloudinary.com/dvzm0fata/image/upload/v1771463182/hackathon_ids/Ctrl___AI_member3_LIMMALA_SUJITH_KUMAR_ID.jpg","No","No","LOKIREDDI BHARATHI","25335A4208","bharathilokireddi6454@gmail.com","7702706454","CSM","2ND","https://res.cloudinary.com/dvzm0fata/image/upload/v1771463183/hackathon_ids/Ctrl___AI_member4_LOKIREDDI_BHARATHI_ID.jpg","No","No","SymptoAI","https://res.cloudinary.com/dvzm0fata/raw/upload/v1771463178/hackathon_ppts/Ctrl___AI_SymptoAI.jpg","WhatsApp","9392671947","College Faculty","2/19/2026, 6:36:25 AM"
"ALT-F4","3","Andhra University","Visakhapatnam","Andhra Pradesh","approved","paid","Yamini Battula","324114214006","yaminibattula26@gmail.com","7036027907","EEE","2nd","https://res.cloudinary.com/dvzm0fata/image/upload/v1771440677/hackathon_ids/ALT_F4_lead_Yamini_Battula_ID.jpg","No","No","Chavitina Sri Varun Tej","24026A0503","chavithinavaruntej@gmail.com","9515130747","CSE","2nd","https://res.cloudinary.com/dvzm0fata/image/upload/v1771440678/hackathon_ids/ALT_F4_member2_Chavitina_Sri_Varun_Tej_ID.jpg","No","No","GANTA KRISHNA CHAITANYA ","324506402199","chaitu4765@gmail.com","7981456043","CSE","2nd","https://res.cloudinary.com/dvzm0fata/image/upload/v1771440679/hackathon_ids/ALT_F4_member3_GANTA_KRISHNA_CHAITANYA__ID.png","No","No",,,,,,,,,,"GramCare","https://res.cloudinary.com/dvzm0fata/raw/upload/v1771440676/hackathon_ppts/ALT_F4_GramCare.jpg","WhatsApp","9515130747","Friends/Peers","2/19/2026, 12:21:21 AM"
"NULL POINTERS","4","JNTU-K","kakinada","Andhra Pradesh","approved",,"Rama Charan Gunda","24021A4239","ramacharan2828@gmail.com","8985376050","CSE(AIML)","2nd","https://res.cloudinary.com/dvzm0fata/image/upload/v1771435346/hackathon_ids/NULL_POINTERS_lead_Rama_Charan_Gunda_ID.jpg","No","No","Gali Sampath Ritesh","24021A4212","riteshgali5@gmail.com","6301299810","CSE(AIML)","2nd","https://res.cloudinary.com/dvzm0fata/image/upload/v1771435347/hackathon_ids/NULL_POINTERS_member2_Gali_Sampath_Ritesh_ID.jpg","No","No","Olisetty Akhil ","24BCE8364","olisettyakhil@gmail.com","9493273551","CSE","2nd","https://res.cloudinary.com/dvzm0fata/image/upload/v1771435348/hackathon_ids/NULL_POINTERS_member3_Olisetty_Akhil__ID.jpg","No","No","POTHULA SURYA CHARITH","24BCE8004","surya.24bce8004@vitapstudent.ac.in","7816011919","CSE","2nd","https://res.cloudinary.com/dvzm0fata/image/upload/v1771435349/hackathon_ids/NULL_POINTERS_member4_POTHULA_SURYA_CHARITH_ID.jpg","No","No","GESTURE-X","https://res.cloudinary.com/dvzm0fata/raw/upload/v1771435345/hackathon_ppts/NULL_POINTERS_GESTURE_X.jpg","WhatsApp","8985376050","Friends/Peers","2/18/2026, 10:52:40 PM"
"CODE RED","4","Maharaj Vijayaram Gajapathi Raj College of Engineering","VIZIANAGARAM","Andhra Pradesh","approved",,"SHAIK NIHAL","24331A42A8","nihalsk2022@gmail.com","7207820541","CSE(AIML)","2ND","https://res.cloudinary.com/dvzm0fata/image/upload/v1771433834/hackathon_ids/CODE_RED_lead_SHAIK_NIHAL_ID.jpg","No","No","Desari Tejaswani","25335A0508","tejaswinidesari2216@gmail.com","6301862107","CSE","2ND","https://res.cloudinary.com/dvzm0fata/image/upload/v1771433835/hackathon_ids/CODE_RED_member2_Desari_Tejaswani_ID.jpg","No","No","V Sai Manohar","24331A42C5","saimanoharvadrevu@gmail.com","7799464081","CSE(AIML)","2ND","https://res.cloudinary.com/dvzm0fata/image/upload/v1771433836/hackathon_ids/CODE_RED_member3_V_Sai_Manohar_ID.jpg","No","No","M LahariMani","24331A4262","Patnaiklaharimani@gmail.com","7288986488","CSE(AIML)","2nd","https://res.cloudinary.com/dvzm0fata/image/upload/v1771433837/hackathon_ids/CODE_RED_member4_M_LahariMani_ID.jpg","No","No","ZKP BASED PRIVACY BRIDGE","https://res.cloudinary.com/dvzm0fata/raw/upload/v1771433833/hackathon_ppts/CODE_RED_ZKP_BASED_PRIVACY_BRIDGE.jpg","WhatsApp","7207820541","College Faculty","2/18/2026, 10:27:20 PM"
"Token Troopers","2","Centurion University of Technology and Management","Vizianagaram","Andhra Pradesh","approved","paid","Degala Sasi kanth","221801390011","sasikanth12577@gmail.com","7989288704","CSE","4th","https://res.cloudinary.com/dvzm0fata/image/upload/v1771431227/hackathon_ids/Token_Troopers_lead_Degala_Sasi_kanth_ID.jpg","No","No","Potnuru Satwik","221801350015","221801350015@cutmap.ac.in","8328229024","CSE","4th","https://res.cloudinary.com/dvzm0fata/image/upload/v1771431228/hackathon_ids/Token_Troopers_member2_Potnuru_Satwik_ID.jpg","No","No",,,,,,,,,,,,,,,,,,,"Face Pass-Smart Event Photo Retrieval System using Blockchain & AI","https://res.cloudinary.com/dvzm0fata/raw/upload/v1771431225/hackathon_ppts/Token_Troopers_Face_Pass_Smart_Event_Photo_Retrieval_System_using_Blockchain___AI.jpg","WhatsApp","7989288704","College Faculty","2/18/2026, 9:43:50 PM"
"404 Team Not Found","4","Jawaharlal Nehru Technological University Kakinada","Kakinada","Andhra Pradesh","approved",,"Thalada Srinivas","24026A0507","thaladasrinivas2006@gmail.com","9704915150","CSE","2ND","https://res.cloudinary.com/dvzm0fata/image/upload/v1771417358/hackathon_ids/404_Team_Not_Found_lead_Thalada_Srinivas_ID.jpg","No","No","V Srija","323106410096","srijavrao@gmail.com","7674860482","CSE(Andhra University Visakhapatnam)","3RD","https://res.cloudinary.com/dvzm0fata/image/upload/v1771417359/hackathon_ids/404_Team_Not_Found_member2_V_Srija_ID.jpg","No","No","Srujan Dasari","25026A0502","srujandasari18@gmail.com","6309815345","CSE","1ST","https://res.cloudinary.com/dvzm0fata/image/upload/v1771417360/hackathon_ids/404_Team_Not_Found_member3_Srujan_Dasari_ID.jpg","No","No","V Radha Swamy","25026A4220","yaswanthnaidu096@gmail.com","8712142246","CSE(AIML)","1ST","https://res.cloudinary.com/dvzm0fata/image/upload/v1771417361/hackathon_ids/404_Team_Not_Found_member4_V_Radha_Swamy_ID.jpg","No","No","Safe Walk","https://res.cloudinary.com/dvzm0fata/raw/upload/v1771417358/hackathon_ppts/404_Team_Not_Found_Safe_Walk.jpg","WhatsApp","9704915150","Friends/Peers","2/18/2026, 5:52:43 PM"
"Double S","2","Maharaj Vijayaram Gajapathiraj (MVGR) College of Engineerng.","vizianagaram","Andhra Pradesh","approved",,"shaik subhan basha","23331A05H1","subhanbashaa01@gmail.com","9030749518","cse","3rd","https://res.cloudinary.com/dvzm0fata/image/upload/v1771416785/hackathon_ids/Double_S_lead_shaik_subhan_basha_ID.jpg","No","No","nikhitha siddabattula ","23331A05H2","s.nikhitha2005@gmail.com","9310017565","cse","3rd","https://res.cloudinary.com/dvzm0fata/image/upload/v1771416787/hackathon_ids/Double_S_member2_nikhitha_siddabattula__ID.jpg","No","No",,,,,,,,,,,,,,,,,,,"AI-Powered Geo-Verified Crowdsourced Civic Issue Reporting and Resolution System","https://res.cloudinary.com/dvzm0fata/raw/upload/v1771416784/hackathon_ppts/Double_S_AI_Powered_Geo_Verified_Crowdsourced_Civic_Issue_Reporting_and_Resolution_System.jpg","WhatsApp","9030749518","Social Media (Instagram/LinkedIn)","2/18/2026, 5:43:09 PM"
"NextGen Devs","4","Anil Neerukonda Institute of Technology and Sciences (ANITS)","Visakhapatnam","Andhra Pradesh","approved","paid","Burla Prudhvi Raj","A24126510123","burlaprudhviraj123@gmail.com","8688056353","CSE","2nd","https://res.cloudinary.com/dvzm0fata/image/upload/v1771359391/hackathon_ids/NextGen_Devs_lead_Burla_Prudhvi_Raj_ID.png","No","No","Modi Sravani","A24126510149","modisravani777@gmail.com","6309501077","CSE","2nd","https://res.cloudinary.com/dvzm0fata/image/upload/v1771359392/hackathon_ids/NextGen_Devs_member2_Modi_Sravani_ID.jpg","No","No","Vatsavayi Likhitha","A24126510175","vatsavayilikhitha@gmail.com","9014752251","CSE","2nd","https://res.cloudinary.com/dvzm0fata/image/upload/v1771359393/hackathon_ids/NextGen_Devs_member3_Vatsavayi_Likhitha_ID.jpg","No","No","Muddana Keerthana","A24126511030","muddanakeerthana4@gmail.com","7382824576","IT","2nd","https://res.cloudinary.com/dvzm0fata/image/upload/v1771359395/hackathon_ids/NextGen_Devs_member4_Muddana_Keerthana_ID.jpg","No","No"," “SAFE VOICE”– Anonymous Hostel Complaint & Feedback System","https://res.cloudinary.com/dvzm0fata/raw/upload/v1771359387/hackathon_ppts/NextGen_Devs___SAFE_VOICE___Anonymous_Hostel_Complaint___Feedback_System.jpg","WhatsApp","9550973540","Friends/Peers","2/18/2026, 1:46:37 AM"
"Trust techies","3","Tirumala enginnering college","jonnalagada,narasaraopet","Andhra Pradesh","approved","paid","Meghana Nadendla","23NE1A4287","nadendla1124@gmail.com","7702583006","aiml","3rd","https://res.cloudinary.com/dvzm0fata/image/upload/v1771347710/hackathon_ids/Trust_techies_lead_Meghana_Nadendla_ID.jpg","No","No","likhitha irlapati","23NE1A4274","likhitha.irlapati@gmail.com","9182219663","aiml","3rd","https://res.cloudinary.com/dvzm0fata/image/upload/v1771347713/hackathon_ids/Trust_techies_member2_likhitha_irlapati_ID.jpg","No","No","Anjali kunchala","23NE1A4273","kunchalaanjali578@gmail.com","8125335369","aiml","3rd","https://res.cloudinary.com/dvzm0fata/image/upload/v1771347716/hackathon_ids/Trust_techies_member3_Anjali_kunchala_ID.jpg","No","No",,,,,,,,,,"Fake news detection using ml","https://res.cloudinary.com/dvzm0fata/raw/upload/v1771347706/hackathon_ppts/Trust_techies_Fake_news_detection_using_ml.jpg","WhatsApp","7702583006","Social Media (Instagram/LinkedIn)","2/17/2026, 10:31:58 PM"
"Thunder buddies","4","LENDI institution and technology ","Vijaynagaram ","Andhra Pradesh","approved","paid","KALVAKOLLI SURYA SRINIVAS","25kd1a05b9","krishnarama286@gmail.com","8976258162","CSE","1st","https://res.cloudinary.com/dvzm0fata/image/upload/v1771342939/hackathon_ids/Thunder_buddies_lead_KALVAKOLLI_SURYA_SRINIVAS_ID.jpg","No","No","Harika muni ","25kd1a0735","harikamuni29@gmail.com","9182874317","CSIT","1st","https://res.cloudinary.com/dvzm0fata/image/upload/v1771342941/hackathon_ids/Thunder_buddies_member2_Harika_muni__ID.jpg","No","No","Meenakshi ","25kd1a0751","meenakshir1304@gmail.com","9441421993","CSIT","1st","https://res.cloudinary.com/dvzm0fata/image/upload/v1771342942/hackathon_ids/Thunder_buddies_member3_Meenakshi__ID.jpg","No","No","Prem kumar ","8728","prembarri778@gmail.com","9849592981","BSC","1st","https://res.cloudinary.com/dvzm0fata/image/upload/v1771342944/hackathon_ids/Thunder_buddies_member4_Prem_kumar__ID.jpg","No","No","ALL IN ONE SMART TRAVEL AI ASSISTANT ","https://res.cloudinary.com/dvzm0fata/raw/upload/v1771342937/hackathon_ppts/Thunder_buddies_ALL_IN_ONE_SMART_TRAVEL_AI_ASSISTANT_.jpg","WhatsApp","9182874317","WhatsApp Group","2/17/2026, 9:12:25 PM"
"OBSIDIAN","3","Maharaj Vijayaram Gajapathi Raj College of Engineering","Vizianagaram","Andhra Pradesh","approved","paid","Molleti Phani Kumar","23331A1285","phani001m@gmail.com","9948968050","IT","3rd","https://res.cloudinary.com/dvzm0fata/image/upload/v1771342828/hackathon_ids/OBSIDIAN_lead_Molleti_Phani_Kumar_ID.jpg","No","No","Tentu Viswanadh","23331A12C4","tentuviswanadh@gmail.com","7207485349","IT","3rd","https://res.cloudinary.com/dvzm0fata/image/upload/v1771342828/hackathon_ids/OBSIDIAN_member2_Tentu_Viswanadh_ID.jpg","No","No","Nalli Tirupathi","23331A1290","ntirupathi12@gmail.com","9347672132","IT","3rd","https://res.cloudinary.com/dvzm0fata/image/upload/v1771342829/hackathon_ids/OBSIDIAN_member3_Nalli_Tirupathi_ID.jpg","No","No",,,,,,,,,,"Geo Guard","https://res.cloudinary.com/dvzm0fata/raw/upload/v1771342827/hackathon_ppts/OBSIDIAN_Geo_Guard.jpg","WhatsApp","9948968050","Friends/Peers","2/17/2026, 9:10:31 PM"
"TECH CRAFTERS","2","MVGR COLLEGE OF ENGINEERING","VIZIANAGARAM","Andhra Pradesh","approved","paid","Joseph Morris","23331A0578","joseph931508@gmail.com","9052241318","CSE","3rd","https://res.cloudinary.com/dvzm0fata/image/upload/v1771340001/hackathon_ids/TECH_CRAFTERS_lead_Joseph_Morris_ID.jpg","No","No","Saalokya Vishnu Priya","23331A0575","jayanthisaalokya@gmail.com","7569706830","CSE","3rd","https://res.cloudinary.com/dvzm0fata/image/upload/v1771340002/hackathon_ids/TECH_CRAFTERS_member2_Saalokya_Vishnu_Priya_ID.jpg","No","No",,,,,,,,,,,,,,,,,,,"EcoErase– Simple, Secure & Auditable Wiping Tool","https://res.cloudinary.com/dvzm0fata/raw/upload/v1771340001/hackathon_ppts/TECH_CRAFTERS_EcoErase__Simple__Secure___Auditable_Wiping_Tool.jpg","WhatsApp","9052241318","College Faculty","2/17/2026, 8:23:25 PM"
"HexaVerse","2","Aditya Institute of Technology and Management","Tekkali","Andhra Pradesh","approved","paid","Golusu Harika","23A55A4208","golusuharika@gmail.com","6281853895","CSM","4th","https://res.cloudinary.com/dvzm0fata/image/upload/v1771339378/hackathon_ids/HexaVerse_lead_Golusu_Harika_ID.jpg","No","No","Nadipena Varunkumar","22A51A12H1","varunnadipena@gmail.com","8341493513","IT","4th","https://res.cloudinary.com/dvzm0fata/image/upload/v1771339379/hackathon_ids/HexaVerse_member2_Nadipena_Varunkumar_ID.jpg","No","No",,,,,,,,,,,,,,,,,,,"NeuroPlay – AI-Powered Motion-Interactive Learning Platform","https://res.cloudinary.com/dvzm0fata/raw/upload/v1771339373/hackathon_ppts/HexaVerse_NeuroPlay___AI_Powered_Motion_Interactive_Learning_Platform.jpg","WhatsApp","6281853895","Social Media (Instagram/LinkedIn)","2/17/2026, 8:13:01 PM"
"Thalapathy TechVerse","3","Maharaj vijayram gajapati raj college of engineering","Vizianagaram","Andhra Pradesh","approved","paid","P Aswin Krishna","24331A05K8","aswinwork012@gmail.com","7989106819","CSE","2nd","https://res.cloudinary.com/dvzm0fata/image/upload/v1771338366/hackathon_ids/Thalapathy_TechVerse_lead_P_Aswin_Krishna_ID.jpg","No","No","R Abhiram","24331A05O6","abhiramssk@gmail.com","7013868356","CSE","2nd","https://res.cloudinary.com/dvzm0fata/image/upload/v1771338367/hackathon_ids/Thalapathy_TechVerse_member2_R_Abhiram_ID.heic","No","No","Rajana Vaishnavi","24331A05O5","rajanavaishnavi1@gmail.com","7075748229","CSE","2nd","https://res.cloudinary.com/dvzm0fata/image/upload/v1771338368/hackathon_ids/Thalapathy_TechVerse_member3_Rajana_Vaishnavi_ID.jpg","No","No",,,,,,,,,,"Andhra Farming Thaluka: Fields of Tradition and Growth","https://res.cloudinary.com/dvzm0fata/raw/upload/v1771338365/hackathon_ppts/Thalapathy_TechVerse_Andhra_Farming_Thaluka__Fields_of_Tradition_and_Growth.jpg","WhatsApp","7989106819","College Faculty","2/17/2026, 7:56:10 PM"
"TEAM 404","2","AVANTHI INSTITUTE OF ENGINEERING AND TECHNOLOGY","VISAKHAPATNAM, THAGARAPUVALSA","Andhra Pradesh","approved","paid","M.Z.C.SHALISHA","25Q71A42A8","z.c.shalisha@gmail.com","8555043914","CSE- AI AND ML","1ST","https://res.cloudinary.com/dvzm0fata/image/upload/v1771335644/hackathon_ids/TEAM_404_lead_M_Z_C_SHALISHA_ID.jpg","No","No","CH.MOUNIKA","25Q71A4278","chittyboyinamounika@gmail.com","7981993948","CSE-AI AND ML","1ST","https://res.cloudinary.com/dvzm0fata/image/upload/v1771335645/hackathon_ids/TEAM_404_member2_CH_MOUNIKA_ID.jpg","No","No",,,,,,,,,,,,,,,,,,,"FRAUD DETECTION IN UPI AND ONLINE PAYMENTS","https://res.cloudinary.com/dvzm0fata/raw/upload/v1771335643/hackathon_ppts/TEAM_404_FRAUD_DETECTION_IN_UPI_AND_ONLINE_PAYMENTS.jpg","WhatsApp","8555043914","Friends/Peers","2/17/2026, 7:10:47 PM"
"Code Gladiators","4","MVGR College of Engineering","Vizianagaram","Andhra Pradesh","approved","paid","Ganivada Hemanth Kumar","23331A0724","hemanthkumarghk345@gmail.com","9640759667","CSIT","3rd","https://res.cloudinary.com/dvzm0fata/image/upload/v1771252297/hackathon_ids/Code_Gladiators_lead_Ganivada_Hemanth_Kumar_ID.jpg","No","No","D.G.Prasuna","23331A0719","prasunadrabhamulla@gmail.com","9849960829","CSIT","3rd","https://res.cloudinary.com/dvzm0fata/image/upload/v1771252299/hackathon_ids/Code_Gladiators_member2_D_G_Prasuna_ID.jpg","No","No","G.Manasa","23331A0723","gallamanasa04@gmail.com","7842299740","CSIT","3rd","https://res.cloudinary.com/dvzm0fata/image/upload/v1771252300/hackathon_ids/Code_Gladiators_member3_G_Manasa_ID.jpg","No","No","P.Yasaswini","23331A0750","yasaswini.pilla18@gmail.com","8309194560","CSIT","3rd","https://res.cloudinary.com/dvzm0fata/image/upload/v1771252302/hackathon_ids/Code_Gladiators_member4_P_Yasaswini_ID.jpg","No","No","ReConnect: A Privacy-First Missing Persons Identification System","https://res.cloudinary.com/dvzm0fata/raw/upload/v1771252294/hackathon_ppts/Code_Gladiators_ReConnect__A_Privacy_First_Missing_Persons_Identification_System.pptx","WhatsApp","9640759667","Social Media (Instagram/LinkedIn)","2/16/2026, 8:01:45 PM"
"Generative AI","4","Vignan's institite of engineering for women","Visakhapatnam","Andhra Pradesh","rejected",,"V Satya Madhumita","24NM1A43B1","vsmadhu2007@gmail.com","7901030365","CAI","2nd","https://res.cloudinary.com/dvzm0fata/image/upload/v1771241877/hackathon_ids/Generative_AI_lead_V_Satya_Madhumita_ID.jpg","No","No","Y T S N Niharika","24NM1A43B2","yarraniharika23@gmail.com","8919179359","CAI","2nd","https://res.cloudinary.com/dvzm0fata/image/upload/v1771241878/hackathon_ids/Generative_AI_member2_Y_T_S_N_Niharika_ID.jpg","No","No","V Vidhyadhari","24Nm1A43A9","vennavallividyadhari@gmail.com","7032886239","CAI","2nd","https://res.cloudinary.com/dvzm0fata/image/upload/v1771241879/hackathon_ids/Generative_AI_member3_V_Vidhyadhari_ID.jpg","No","No","B Navya","25Nm5A4302","navyabhimana09@gmail.com","7396376141","CAI","2nd","https://res.cloudinary.com/dvzm0fata/image/upload/v1771241886/hackathon_ids/Generative_AI_member4_B_Navya_ID.jpg","No","No","Generative AI","https://res.cloudinary.com/dvzm0fata/raw/upload/v1771241876/hackathon_ppts/Generative_AI_Generative_AI.pptx","WhatsApp","7901030365","Friends/Peers","2/16/2026, 5:08:09 PM"
"Krushilink","4","Vignan's institute of engineering for women","Visakhapatnam","Andhra Pradesh","approved",,"V Satya Madhumita","24NM1A43B1","vinjamurimadhu123@gmail.com","7901030365","CAI","2nd","https://res.cloudinary.com/dvzm0fata/image/upload/v1771234774/hackathon_ids/Krushilink_lead_V_Satya_Madhumita_ID.jpg","No","No","Y Ramya","24NM1A43B3","yedlaramya2006@gmail.com","6304490565","CAI","2nd","https://res.cloudinary.com/dvzm0fata/image/upload/v1771234775/hackathon_ids/Krushilink_member2_Y_Ramya_ID.jpg","No","No","Y T S N Niharika","24NM1A43B2","yarraniharika23@gmail.com","8919179359","CAI","2nd","https://res.cloudinary.com/dvzm0fata/image/upload/v1771234777/hackathon_ids/Krushilink_member3_Y_T_S_N_Niharika_ID.jpg","No","No","V Keerthana Kiranmai","24NM1A43A8","keerthanavelidi@gmail.com","6302686328","CAI","2nd","https://res.cloudinary.com/dvzm0fata/image/upload/v1771234783/hackathon_ids/Krushilink_member4_V_Keerthana_Kiranmai_ID.jpg","No","No","Krushilink","https://res.cloudinary.com/dvzm0fata/raw/upload/v1771234772/hackathon_ppts/Krushilink_Krushilink.pdf","WhatsApp","7901030365","Friends/Peers","2/16/2026, 3:09:46 PM"
"Team Revan","4","Maharaj Vijayaram Gajapathi Rai College of Engineering","Vizianagaram","Andhra Pradesh","approved","paid","VAMACHILLI GNANESHWAR RAO","24331A05U1","24331a05u1@mvgrce.edu.in","9676233017","CSE","2nd","https://res.cloudinary.com/dvzm0fata/image/upload/v1771162296/hackathon_ids/Team_Revan_lead_VAMACHILLI_GNANESHWAR_RAO_ID.jpg","No","No","SORNAPUDI CHANDRA HASINI","24331A05R9","24331a05r9@mvgrce.edu.in","9676233017","CSE","2nd","https://res.cloudinary.com/dvzm0fata/image/upload/v1771162299/hackathon_ids/Team_Revan_member2_SORNAPUDI_CHANDRA_HASINI_ID.jpg","No","No","YEDLA SAI CHETANA","24331A05W6","24331a05w6@mvgrce.edu.in","7075702027","CSE","2nd","https://res.cloudinary.com/dvzm0fata/image/upload/v1771162300/hackathon_ids/Team_Revan_member3_YEDLA_SAI_CHETANA_ID.jpg","No","No","VEGI SAI SRINIVAS JAGANNADH","24331A05V6","24331a05v6@mvgrce.edu.in","7989397583","CSE","2nd","https://res.cloudinary.com/dvzm0fata/image/upload/v1771162303/hackathon_ids/Team_Revan_member4_VEGI_SAI_SRINIVAS_JAGANNADH_ID.jpg","No","No","Satellite-Based Crop Health & Resources Advisory System","https://res.cloudinary.com/dvzm0fata/raw/upload/v1771162295/hackathon_ppts/Team_Revan_Satellite_Based_Crop_Health___Resources_Advisory_System.pptx","WhatsApp","9676233017","College Faculty","2/15/2026, 7:01:47 PM"
"Code Blue","4","Aditya institute of technology and management","Tekkali","Andhra Pradesh","approved",,"Polavarapu Tejaswini","23A51A4439","polavaraputejaswini1675@gmail.com","7799118505","Cse(Data science)","3rd","https://res.cloudinary.com/dvzm0fata/image/upload/v1771130925/hackathon_ids/Code_Blue_lead_Polavarapu_Tejaswini_ID.jpg","No","No","Tampa likhita","23A51A4250","likhithajnakirao@gmail.com","9381385667","Cse(AIML)","3rd","https://res.cloudinary.com/dvzm0fata/image/upload/v1771130926/hackathon_ids/Code_Blue_member2_Tampa_likhita_ID.jpg","No","No","Kondala sai mounika ","23A51A4424","mounikakondala0309@gmail.com","9392598127","Cse(Data science)","3rd","https://res.cloudinary.com/dvzm0fata/image/upload/v1771130927/hackathon_ids/Code_Blue_member3_Kondala_sai_mounika__ID.jpg","No","No","Voona chiranjeevi","23A51A12G2","chiranjeevivoona@gmail.com","7981583130","IT","3rd","https://res.cloudinary.com/dvzm0fata/image/upload/v1771130928/hackathon_ids/Code_Blue_member4_Voona_chiranjeevi_ID.jpg","No","No","Code Blue – Real-Time Hospital Resource Intelligence System","https://res.cloudinary.com/dvzm0fata/raw/upload/v1771130924/hackathon_ppts/Code_Blue_Code_Blue___Real_Time_Hospital_Resource_Intelligence_System.pptx","WhatsApp","7799118505","WhatsApp Group","2/15/2026, 10:18:50 AM"
"Team Adamya","4","MVGR College of Engineering","Vizianagaram","Andhra Pradesh","approved","paid","S. Sai Mani Deepak","24331A05S2","saimanideepaksripathi@gail.com","7780132461","CSE","2nd","https://res.cloudinary.com/dvzm0fata/image/upload/v1771061589/hackathon_ids/Team_Adamya_lead_S__Sai_Mani_Deepak_ID.jpg","No","No","V. Vanshika","24331A05V1","vanshikavatsavayi26@gmail.com","7989843450","CSE","2nd","https://res.cloudinary.com/dvzm0fata/image/upload/v1771061590/hackathon_ids/Team_Adamya_member2_V__Vanshika_ID.jpg","No","No","Y. Swathi","25335A0529","swathiyalla2007@gmail.com","9390558095","CSE","2nd","https://res.cloudinary.com/dvzm0fata/image/upload/v1771061590/hackathon_ids/Team_Adamya_member3_Y__Swathi_ID.jpg","No","No","B. Siva Nandini","24331A0550","sivanandiniburle@gmail.com","8328631033","CSE","2nd","https://res.cloudinary.com/dvzm0fata/image/upload/v1771061591/hackathon_ids/Team_Adamya_member4_B__Siva_Nandini_ID.jpg","No","No","DegreeGuard – Smart Academic Certificate Verification System","https://res.cloudinary.com/dvzm0fata/raw/upload/v1771061588/hackathon_ppts/Team_Adamya_DegreeGuard___Smart_Academic_Certificate_Verification_System.pdf","WhatsApp","7780132461","WhatsApp Group","2/14/2026, 3:03:13 PM"
"Nexus Thinkers","4","Andhra University College of Engineering","Visakhapatnam","Andhra Pradesh","approved",,"Rayapureddy Manikanta","323506402443","m18apr@gmail.com","7981448432","CSE","3rd","https://res.cloudinary.com/dvzm0fata/image/upload/v1771054055/hackathon_ids/Nexus_Thinkers_lead_Rayapureddy_Manikanta_ID.jpg","No","No","SAMMIDI VENKATA SATYA SURYA VINOD KUMAR ","323506402470","sammidivinod@gmail.com","6302112377","CSE","3rd","https://res.cloudinary.com/dvzm0fata/image/upload/v1771054055/hackathon_ids/Nexus_Thinkers_member2_SAMMIDI_VENKATA_SATYA_SURYA_VINOD_KUMAR__ID.jpg","No","No","RAMARAO MADHUMITHA ","323506402434","madhumitharamarao1805@gmail.com","7989655309","CSE ","3rd","https://res.cloudinary.com/dvzm0fata/image/upload/v1771054057/hackathon_ids/Nexus_Thinkers_member3_RAMARAO_MADHUMITHA__ID.jpg","No","No","Rinaaz Rasool","323506402452","Rinaazrasool@gmail.com","7386864770","CSE","3rd","https://res.cloudinary.com/dvzm0fata/image/upload/v1771054059/hackathon_ids/Nexus_Thinkers_member4_Rinaaz_Rasool_ID.jpg","No","No","Autonomous Child Safety System using Real-Time Object Detection and Tracking","https://res.cloudinary.com/dvzm0fata/raw/upload/v1771054054/hackathon_ppts/Nexus_Thinkers_Autonomous_Child_Safety_System_using_Real_Time_Object_Detection_and_Tracking.pptx","WhatsApp","7981448432","College Faculty","2/14/2026, 12:57:40 PM"
"Team Ro-Ko","2","MVGR College of Engineering","Vizianagaram","Andhra Pradesh","approved",,"Lova Mahesh Siriki","24335A4405","lovamaheshsiriki@gmail.com","9391237283","DE","3rd","https://res.cloudinary.com/dvzm0fata/image/upload/v1771004405/hackathon_ids/Team_Ro_Ko_lead_Lova_Mahesh_Siriki_ID.jpg","No","No","Vijay Raj Koruvada","24335A4404","vijjukingv@gmail.com","6301551727","DE","3rd","https://res.cloudinary.com/dvzm0fata/image/upload/v1771004407/hackathon_ids/Team_Ro_Ko_member2_Vijay_Raj_Koruvada_ID.jpg","No","No",,,,,,,,,,,,,,,,,,,"Safe Sphere AI","https://res.cloudinary.com/dvzm0fata/raw/upload/v1771004403/hackathon_ppts/Team_Ro_Ko_Safe_Sphere_AI.pdf","Email","6301551727","Friends/Peers","2/13/2026, 11:10:09 PM"
"fission","2","maharaj vijayaram gajipati raj college of engineering","vijayanagaram","Andhra Pradesh","approved","paid","Jyothish Naidu Bobbili","23331A0316","jothishnaidubobbili@gmail.com","7386775291","Mech","3rd","https://res.cloudinary.com/dvzm0fata/image/upload/v1771000234/hackathon_ids/fission_lead_Jyothish_Naidu_Bobbili_ID.jpg","No","No","bharat srinivas bobbara","23331A0315","bb.srinivas2006@gmail.com","9701260241","Mech","3rd","https://res.cloudinary.com/dvzm0fata/image/upload/v1771000235/hackathon_ids/fission_member2_bharat_srinivas_bobbara_ID.jpg","No","No",,,,,,,,,,,,,,,,,,,"VeriShield","https://res.cloudinary.com/dvzm0fata/raw/upload/v1771000232/hackathon_ppts/fission_VeriShield.pptx","WhatsApp","7386775291","College Faculty","2/13/2026, 10:00:37 PM"
"TESTING TEAM","2","METHELESH KUMAR","VISAKHAPATNAM","Andhra Pradesh","approved","paid","R.METHELESH KUMAR","23331A4753","rattumethelesh@gmail.com","8333841335","CIC","3","https://res.cloudinary.com/dvzm0fata/image/upload/v1770900494/hackathon_ids/TESTING_TEAM_lead_R_METHELESH_KUMAR_ID.webp","Yes","No","R.METHELESH KUMAR","23331A4753","rattumethelesh@gmail.com","8333841335","CIC","3","https://res.cloudinary.com/dvzm0fata/image/upload/v1770900496/hackathon_ids/TESTING_TEAM_member2_R_METHELESH_KUMAR_ID.jpg","No","Yes",,,,,,,,,,,,,,,,,,,"testing ppt","https://res.cloudinary.com/dvzm0fata/raw/upload/v1770900493/hackathon_ppts/TESTING_TEAM_testing_ppt.pptx","WhatsApp","8333841335","Posters/Flyers","2/12/2026, 6:18:18 PM"
"Mahendra Tanaya","4","Rajiv Gandhi University of Knowledge Technologies, Srikakulam.","Srikakulam","Andhra Pradesh","approved","paid","Karthik Paila","s210492","pailakarthik1933@gmail.com","7780190462","CSE","3rd","https://res.cloudinary.com/dvzm0fata/image/upload/v1770879341/hackathon_ids/Mahendra_Tanaya_lead_Karthik_Paila_ID.jpg","No","No","Ram charan Uppada","s210150","charan7092006@gmail.com","8639814688","CSE","3rd","https://res.cloudinary.com/dvzm0fata/image/upload/v1770879342/hackathon_ids/Mahendra_Tanaya_member2_Ram_charan_Uppada_ID.jpg","No","No","Mani Bhargavi Bendalam","s210010","manibhargavibendalam225@gmail.com","7569531553","CSE","3rd","https://res.cloudinary.com/dvzm0fata/image/upload/v1770879343/hackathon_ids/Mahendra_Tanaya_member3_Mani_Bhargavi_Bendalam_ID.jpg","No","No","Pradeep kumar Puvvala","s210531","pradeepkumar.iiit.1729@gmail.com","9182198112","CSE","3rd","https://res.cloudinary.com/dvzm0fata/image/upload/v1770879344/hackathon_ids/Mahendra_Tanaya_member4_Pradeep_kumar_Puvvala_ID.jpg","No","No","RiskView","https://res.cloudinary.com/dvzm0fata/raw/upload/v1770879340/hackathon_ppts/Mahendra_Tanaya_RiskView.pdf","WhatsApp","7569531553","Social Media (Instagram/LinkedIn)","2/12/2026, 12:25:49 PM"
"Sudo Squad","4","MVGR COLLEGE OF ENGINEERING","VIZIANAGARAM","Andhra Pradesh","approved",,"PRANAV VADREVU","25331A05T1","VNVKPRANAV@GMAIL.COM","7416902887","CSE","1ST","https://res.cloudinary.com/dvzm0fata/image/upload/v1770827386/hackathon_ids/Sudo_Squad_lead_PRANAV_VADREVU_ID.jpg","No","No","VIJINIGIRI BANGARU SRIRAM ","25331A05T8","OTSMT8@GMAIL.COM","8341100316","CSE","1ST","https://res.cloudinary.com/dvzm0fata/image/upload/v1770827387/hackathon_ids/Sudo_Squad_member2_VIJINIGIRI_BANGARU_SRIRAM__ID.jpg","No","No","NAVEEN URJANA","25331A05S9","NAVEENURJANA267@GMAIL.COM","8790905739","CSE","1ST","https://res.cloudinary.com/dvzm0fata/image/upload/v1770827388/hackathon_ids/Sudo_Squad_member3_NAVEEN_URJANA_ID.jpg","No","No","VISSU SIRISOLLA","25331A05S9","sirisollavissu@gmail.com","9391918085","CSE","1ST","https://res.cloudinary.com/dvzm0fata/image/upload/v1770827389/hackathon_ids/Sudo_Squad_member4_VISSU_SIRISOLLA_ID.jpg","No","No","AgroCycle","https://res.cloudinary.com/dvzm0fata/raw/upload/v1770827384/hackathon_ppts/Sudo_Squad_AgroCycle.pdf","WhatsApp","7416902887","Social Media (Instagram/LinkedIn)","2/11/2026, 9:59:52 PM"
"Loan Rangers ","4","GMR institute of technology ","Razam","Andhra Pradesh","approved","paid","UV Praveen kumar","24341A12B8","uvpraveenkumar0@gmail.com","7670977834","IT","2nd","https://res.cloudinary.com/dvzm0fata/image/upload/v1770653330/hackathon_ids/Loan_Rangers__lead_UV_Praveen_kumar_ID.jpg","No","No","U.Manasvi","24341A12C4","vuppalamanasvi183@gmail.com","9398311866","IT","2nd","https://res.cloudinary.com/dvzm0fata/image/upload/v1770653331/hackathon_ids/Loan_Rangers__member2_U_Manasvi_ID.jpg","No","No","S.sai Vijaya ","24341A12A4","Saivijayasingineedi@gmail.com","9550191229","IT","2nd","https://res.cloudinary.com/dvzm0fata/image/upload/v1770653332/hackathon_ids/Loan_Rangers__member3_S_sai_Vijaya__ID.jpg","No","No","S.Syamala","24341A12A3","siddhantapusyamala@gmail.com","8179703969","IT","2nd","https://res.cloudinary.com/dvzm0fata/image/upload/v1770653334/hackathon_ids/Loan_Rangers__member4_S_Syamala_ID.jpg","No","No","Loan Utilisation Tracking ","https://res.cloudinary.com/dvzm0fata/raw/upload/v1770653319/hackathon_ppts/Loan_Rangers__Loan_Utilisation_Tracking_.pdf","WhatsApp","7670977834","College Faculty","2/9/2026, 9:38:56 PM"
"SolvioNova","4","Anil Neerukonda Instuite of Technology and Sciences (ANITS)","visakhapatnam","Andhra Pradesh","approved",,"Rakudhiti Sai Harshini","A23126551202","rakudhitisaiharshini.23.csd@anits.edu.in","9182545268","CSE(DS)","3rd","https://res.cloudinary.com/dvzm0fata/image/upload/v1770575444/hackathon_ids/SolvioNova_lead_Rakudhiti_Sai_Harshini_ID.jpg","No","No","harsha vardhan","A23126551074","chennamharshavardhan.23.csd@anits.edu.in","7013556334","cse","3rd","https://res.cloudinary.com/dvzm0fata/image/upload/v1770575445/hackathon_ids/SolvioNova_member2_harsha_vardhan_ID.jpg","No","No","Bala Krishna","A24126551121","chennamharshavardhan.23.csd@anits.edu.in","7989659389","cse","2nd","https://res.cloudinary.com/dvzm0fata/image/upload/v1770575446/hackathon_ids/SolvioNova_member3_Bala_Krishna_ID.jpg","No","No","manasa","A24126551032","chennamharshavardhan.23.csd@anits.edu.in","9989322833","cse","2nd","https://res.cloudinary.com/dvzm0fata/image/upload/v1770575447/hackathon_ids/SolvioNova_member4_manasa_ID.jpg","No","No","SMART WINDOW","https://res.cloudinary.com/dvzm0fata/raw/upload/v1770575443/hackathon_ppts/SolvioNova_SMART_WINDOW.pptx","WhatsApp","9182545268","Social Media (Instagram/LinkedIn)","2/9/2026, 12:00:48 AM"
"NOVA","4","maharaj vijayaram gajapathi raj college of engineering","vizianagaram","Andhra Pradesh","approved",,"GUMMADI POOJITHA","24331A05A6","24331a05a6@mvgrce.edu.in","9912685177","CSE","2ND","https://res.cloudinary.com/dvzm0fata/image/upload/v1770566521/hackathon_ids/NOVA_lead_GUMMADI_POOJITHA_ID.jpg","No","No","GEDALA MOHANA SAI LAKSHMI","24331A0591","24331a0591@mvgrce.edu.in","9390081138","CSE","2ND","https://res.cloudinary.com/dvzm0fata/image/upload/v1770566522/hackathon_ids/NOVA_member2_GEDALA_MOHANA_SAI_LAKSHMI_ID.jpg","No","No","GUNTUBOINA DEEKSHITHA","24331A05B0","24331a05b0@mvgrce.edu.in","8555891772","CSE","2ND","https://res.cloudinary.com/dvzm0fata/image/upload/v1770566523/hackathon_ids/NOVA_member3_GUNTUBOINA_DEEKSHITHA_ID.jpg","No","No","GUDIVADA SANJANA","24331A05A2","24331a05a2@mvgrce.edu.in","9701603413","CSE","2ND","https://res.cloudinary.com/dvzm0fata/image/upload/v1770566524/hackathon_ids/NOVA_member4_GUDIVADA_SANJANA_ID.jpg","No","No","EMERGENCY CONTACT AND SAFETY ALERT SYSTEM","https://res.cloudinary.com/dvzm0fata/raw/upload/v1770566519/hackathon_ppts/NOVA_EMERGENCY_CONTACT_AND_SAFETY_ALERT_SYSTEM.pdf","WhatsApp","9912685177","Friends/Peers","2/8/2026, 9:32:06 PM"
"justice_league","4","MVGR COLLEGE","CHINTALAVALASA","Andhra Pradesh","approved",,"BATTINA VENKATA ANIL","24331A0528","anilbattina68@gmail.com","6304747557","CSE","2nd","https://res.cloudinary.com/dvzm0fata/image/upload/v1770566509/hackathon_ids/justice_league_lead_BATTINA_VENKATA_ANIL_ID.jpg","No","No","KONANKI RAJESH","24331A0490","konankirajesh7@gmail.com","6303369360","ECE","2nd","https://res.cloudinary.com/dvzm0fata/image/upload/v1770566510/hackathon_ids/justice_league_member2_KONANKI_RAJESH_ID.jpg","No","No","NULU SATYA KUMAR SAI","24331A05K3","satyakumarsai05@gmail.com","9346181714","CSE","2nd","https://res.cloudinary.com/dvzm0fata/image/upload/v1770566510/hackathon_ids/justice_league_member3_NULU_SATYA_KUMAR_SAI_ID.jpg","No","No","PITTA VIVEK","24331A05N5","vivekpitta728@gmail.com","6304384578","CSE","2nd","https://res.cloudinary.com/dvzm0fata/image/upload/v1770566512/hackathon_ids/justice_league_member4_PITTA_VIVEK_ID.jpg","No","No"," AGRI CONNECT 360","https://res.cloudinary.com/dvzm0fata/raw/upload/v1770566507/hackathon_ppts/justice_league__AGRI_CONNECT_360.pptx","WhatsApp","6304747557","WhatsApp Group","2/8/2026, 9:31:53 PM"
"DEPLOY MODE","3","MVGR COLLEGE OF ENGINEERING ","Vizianagaram ","Andhra Pradesh","approved",,"Karukola Meghana ","24331A05D1","meghanakarukola26@gmail.com","9401896351","CSE","2nd","https://res.cloudinary.com/dvzm0fata/image/upload/v1770561884/hackathon_ids/DEPLOY_MODE_lead_Karukola_Meghana__ID.jpg","No","No","Kanamati Hasmitha ","24331A05C6","kanamatihasmitha79@gmail.com","9121924953","CSE","2nd","https://res.cloudinary.com/dvzm0fata/image/upload/v1770561886/hackathon_ids/DEPLOY_MODE_member2_Kanamati_Hasmitha__ID.jpg","No","No","Gottapu Ajit Mohan Gandhi ","24331A0597","ajithgottapu891@gmail.com","8639258466","CSE","2nd","https://res.cloudinary.com/dvzm0fata/image/upload/v1770561891/hackathon_ids/DEPLOY_MODE_member3_Gottapu_Ajit_Mohan_Gandhi__ID.png","No","No",,,,,,,,,,"Smart Study Moderator ","https://res.cloudinary.com/dvzm0fata/raw/upload/v1770561882/hackathon_ppts/DEPLOY_MODE_Smart_Study_Moderator_.pptx","WhatsApp","9401896351","College Faculty","2/8/2026, 8:14:54 PM"
"AlphaCoders","4","GMR Institute of Technology","Rajam","Andhra Pradesh","approved",,"Vaddikanchari Reshma","23341A12B9","vaddikancharireshma@gmail.com","8297237929","Information Technology","3rd year","https://res.cloudinary.com/dvzm0fata/image/upload/v1770493465/hackathon_ids/AlphaCoders_Vaddikanchari%20Reshmaid_card.jpg","No","No","Tholapu Gowthami","23341A05O2","gowthamitholapu25@gmail.com","7396898730","CSE","3rd year","https://res.cloudinary.com/dvzm0fata/image/upload/v1770493466/hackathon_ids/AlphaCoders_Tholapu%20Gowthamiid_card.jpg","No","No","Rajana Anusha","23341A1297","anusharajana852@gmail.com","8520057254","IT","3rd year","https://res.cloudinary.com/dvzm0fata/image/upload/v1770493467/hackathon_ids/AlphaCoders_Rajana%20Anushaid_card.jpg","No","No","Konapala SaiSanjana","24345A0526","konapalasaisanjana27@gmail.com","8897264767","CSE","3rd year","https://res.cloudinary.com/dvzm0fata/image/upload/v1770493467/hackathon_ids/AlphaCoders_Konapala%20SaiSanjanaid_card.jpg","No","No","UrbanEye – AI-Enhanced Web Platform for  Smart Civic Issue Reporting","https://res.cloudinary.com/dvzm0fata/raw/upload/v1770493464/hackathon_ppts/AlphaCoders_UrbanEye%20%E2%80%93%20AI-Enhanced%20Web%20Platform%20for%20%20Smart%20Civic%20Issue%20ReportingUrbanEye_Presentation1.pptx","WhatsApp","8297237929","Posters/Flyers","2/8/2026, 1:14:34 AM"
"Ate-Bit","4","Lendi Institute of Engineering and Technology","Visakhapatnam","Andhra Pradesh","approved",,"D. Sreeraj Patnaik","24KD1A1513","dabbirusreeraj@gmail.com","9059659477","CSSE","2","https://res.cloudinary.com/dvzm0fata/image/upload/v1770482164/hackathon_ids/Ate_Bit_D.%20Sreeraj%20Patnaikid_card.jpg","No","No","K.P.S.K. Sachin","24KD1A1534","sachinkpsk24@gmail.com","9966477730","CSSE","2","https://res.cloudinary.com/dvzm0fata/image/upload/v1770482165/hackathon_ids/Ate_Bit_K.P.S.K.%20Sachinid_card.jpg","No","No","D.Karthik Varma","24KD1A1515","kvrthik.io@gmail.com","9346302443","CSSE","2","https://res.cloudinary.com/dvzm0fata/image/upload/v1770482166/hackathon_ids/Ate_Bit_D.Karthik%20Varmaid_card.jpg","No","No","B.Bharath","24KD1A1511","bharathboni4@gmail.com","8886953720","CSSE","2","https://res.cloudinary.com/dvzm0fata/image/upload/v1770482167/hackathon_ids/Ate_Bit_B.Bharathid_card.jpg","No","No","GAMIFIED ENVIRONMENTAL EDUCATION AND COMMON-GROUND FOR ENVIRONMENT SOLUTIONS","https://res.cloudinary.com/dvzm0fata/raw/upload/v1770482163/hackathon_ppts/Ate_Bit_GAMIFIED%20ENVIRONMENTAL%20EDUCATION%20AND%20COMMON-GROUND%20FOR%20ENVIRONMENT%20SOLUTIONSAADHRITA_HACK24_PPT_Template.pptx","WhatsApp","8886953720","Friends/Peers","2/7/2026, 10:06:08 PM"
"Hack Horizon ","4","Maharaj Vijayaram Gajapathi Raj College of Engineering","Vizianagaram ","Andhra Pradesh","approved","paid","Panchada Srikar","24331A4744","works.srikar0906@gmail.com","9346103849","CIC","2nd ","https://res.cloudinary.com/dvzm0fata/image/upload/v1770482111/hackathon_ids/Hack_Horizon__Panchada%20Srikarid_card.jpg","No","No","PUSARLA SAI VASITH","24331A4747","saivasithpusarla07@gmail.com","6309403923","CIC","2nd","https://res.cloudinary.com/dvzm0fata/image/upload/v1770482112/hackathon_ids/Hack_Horizon__PUSARLA%20SAI%20VASITHid_card.jpg","No","No","Koppisetti Sampath","24331A4734","sampathkoppisetti2@gmail.com","9030571165","CIC","2nd ","https://res.cloudinary.com/dvzm0fata/image/upload/v1770482116/hackathon_ids/Hack_Horizon__Koppisetti%20Sampathid_card.jpg","No","No","Regidi shiva ganesh","24331A4751","shivavi908@gmail.com","9959741908","CIC","2nd ","https://res.cloudinary.com/dvzm0fata/image/upload/v1770482121/hackathon_ids/Hack_Horizon__Regidi%20shiva%20ganeshid_card.jpg","No","No","Deepfake Authentication","https://res.cloudinary.com/dvzm0fata/raw/upload/v1770482109/hackathon_ppts/Hack_Horizon__Deepfake%20AuthenticationAADHRITA_HACK24_PPT_Templatemm-1.pptx","WhatsApp","9346103849","WhatsApp Group","2/7/2026, 10:05:23 PM"
"arambam","3","aditya institute of technology and management","tekkali","srikakulam","approved","paid","menda harika","24a51a05n6","harikamenda36@gmail.com","7702781512","cse","2nd","https://res.cloudinary.com/dvzm0fata/image/upload/v1770456403/hackathon_ids/arambam_menda%20harikaid_card.jpg","Yes","No","neduru kusumalatha","24a51a05n6","komalineduru@gmail.com","8247015045","cse","2nd","https://res.cloudinary.com/dvzm0fata/image/upload/v1770456404/hackathon_ids/arambam_neduru%20kusumalathaid_card.jpg","Yes","No","nemalapuri divya","24a51a05n8","nemalapuridivya06@gmail.com","9668569974","cse","2nd","https://res.cloudinary.com/dvzm0fata/image/upload/v1770456405/hackathon_ids/arambam_nemalapuri%20divyaid_card.jpg","Yes","No",,,,,,,,,,"Marga Dharshi","https://res.cloudinary.com/dvzm0fata/raw/upload/v1770456403/hackathon_ppts/arambam_Marga%20Dharshipothole_detection.pptx","WhatsApp","9668569974","College Faculty","2/7/2026, 2:56:46 PM"
"Triage","3","Aditya institute of technology and management","Tekkali","Andhra pradesh","approved","paid","Jayasri katari","24A51A05M5","jayasrikatari496@gmail.com","9703525972","CSE","2nd","https://res.cloudinary.com/dvzm0fata/image/upload/v1770454893/hackathon_ids/Triage_Jayasri%20katariid_card.jpg","Yes","No","Marpu Sravani","24A51A05N0","marpusravani1002@gmail.com","9492025487","CSE","2nd","https://res.cloudinary.com/dvzm0fata/image/upload/v1770454894/hackathon_ids/Triage_Marpu%20Sravaniid_card.jpg","Yes","No","Dola Harivardhan","24A51A05L7","harivardhandola@gmail.com","8179183927","CSE","2nd","https://res.cloudinary.com/dvzm0fata/image/upload/v1770454895/hackathon_ids/Triage_Dola%20Harivardhanid_card.jpg","Yes","No",,,,,,,,,,"SURAKSHA NETRA","https://res.cloudinary.com/dvzm0fata/raw/upload/v1770454893/hackathon_ppts/Triage_SURAKSHA%20NETRASURAKSHA_NETRA_111.pptx","WhatsApp","9703525972","College Faculty","2/7/2026, 2:31:36 PM"
"Nexora","4","Lendi Institute of Engineering and Technology","Vizianagaram","Andhra Pradesh","approved",,"BAVISETTI MANOJ KUMAR","24KD5A0502","manojbavisetti75@gmail.com","6305321506","CSE","3rd","https://res.cloudinary.com/dvzm0fata/image/upload/v1770394398/hackathon_ids/ozamrs66qboxtsgikyad.jpg","No","No","GOLAJANI JHANSI","24KD5A0505","golajanijhansi@gmail.com","9908282548","CSE","3rd","https://res.cloudinary.com/dvzm0fata/image/upload/v1770394399/hackathon_ids/gnddi40frkedzz0yf150.jpg","No","No","CH BHUVANA SAI","23KD1A0527","bhuvanasaichappa22@gmail.com","9010932466","CSE","3rd","https://res.cloudinary.com/dvzm0fata/image/upload/v1770394400/hackathon_ids/paft0wbbcqosqy5hg6aw.jpg","No","No","CH. MOHAN SATHVIK","23KD1A0532","sarhvik0110@gmail.com","8074735236","CSE","3rd","https://res.cloudinary.com/dvzm0fata/image/upload/v1770394401/hackathon_ids/xiwieapi18h3dcoyhupy.jpg","No","No","AeroMinds","https://res.cloudinary.com/dvzm0fata/raw/upload/v1770394389/hackathon_ppts/iweu0etwwm5j80qohqcz.pptx","WhatsApp","6305321506","Social Media (Instagram/LinkedIn)","2/6/2026, 9:43:23 PM"
"SmartgridX","4","Aditya Institute of Technology and Management","Tekkali","Andhra Pradesh","approved","paid","Ungati Anju","24A51A04C8","ungatianju9@gmail.com","6281182260","ECE","2nd","https://res.cloudinary.com/dvzm0fata/image/upload/v1770387243/hackathon_ids/lpa2ofmocaui21g9siqq.jpg","No","No","PALLI MRUDHULA  ","24A51A04B0","Pallimrudhula14@gmail.com","8500868295","ECE","2nd","https://res.cloudinary.com/dvzm0fata/image/upload/v1770387292/hackathon_ids/pyshzjljszpdmimw1svj.jpg","No","No","Joshitha venkumahanthi  9398713686 joshithavenukumhanthi2006@gmail.Com 24A51A04D1","24A51A04D1","joshithavenukumhanthi2006@gmail.Com","9398713686","ECE","2nd","https://res.cloudinary.com/dvzm0fata/image/upload/v1770387349/hackathon_ids/qpus9lks9qmks4uca6eb.jpg","No","No","RUPPA MAHA LAKSHMI  9490263570 mahalakshmi.ruppa18@gmail.com","24A51A04B7","mahalakshmi.ruppa18@gmail.com","9490263570","ECE","2nd","https://res.cloudinary.com/dvzm0fata/image/upload/v1770387405/hackathon_ids/keghglzhh7d4kvgjanv7.jpg","No","No","Next-Generation Smart Grid Using Quantum Optimization","https://res.cloudinary.com/dvzm0fata/raw/upload/v1770387231/hackathon_ppts/hip5h5vov4h9mtdvbahn.pptx","WhatsApp","6281182260","Posters/Flyers","2/6/2026, 7:46:50 PM"
"Binary Brains","2","Gayatri Vidya Parishad College of Engineering (A)","Visakhapatnam","Andhra Pradesh","approved",,"Hiranvika Yemineni","323103382063","323103382063@gvpce.ac.in","8790706364","CSE (AI & ML)","3rd","https://res.cloudinary.com/dvzm0fata/image/upload/v1770386273/hackathon_ids/yrnsvjbbwpybv086zd0v.jpg","No","No","Preethika Penta","323103382040","323103382040@gvpce.ac.in","8919482445","CSE (AI & ML)","3rd","https://res.cloudinary.com/dvzm0fata/image/upload/v1770386274/hackathon_ids/rorzjqioo2nyegmd4znc.jpg","No","No",,,,,,,,,,,,,,,,,,,"Campus PeerLearn AI","https://res.cloudinary.com/dvzm0fata/raw/upload/v1770386272/hackathon_ppts/j4nh9rwfeguqhjxybpol.pptx","WhatsApp","8790706364","WhatsApp Group","2/6/2026, 7:27:56 PM"
"Pair logic ","2","Maharaj Vijayaram Gajapathi Raj College of Engineering ","Vizianagaram ","Andhra Pradesh","approved","paid","Mamidi Meghana","25335A0706","meghanamamidi58@gmail.com","9573246540","IECT(CSIT)","2nd","https://res.cloudinary.com/dvzm0fata/image/upload/v1770386063/hackathon_ids/msx24bi0qe8t15cofiya.jpg","No","No","Sayed Sameera ","25335A0711","sayedsameera2007@gmail.com","9502661949","IECT(CSIT)","2nd","https://res.cloudinary.com/dvzm0fata/image/upload/v1770386064/hackathon_ids/sw59q53nl2zp8wg9zutx.jpg","No","No",,,,,,,,,,,,,,,,,,,"Traffic Emission Reduction Model ","https://res.cloudinary.com/dvzm0fata/raw/upload/v1770386058/hackathon_ppts/mynwgsr9obzmsvrcwzir.pptx","WhatsApp","9573246540","College Faculty","2/6/2026, 7:24:27 PM"
"TEAM DUDE","4","Sagi Rama Krishnamraju Engineering College","Bhimavaram","Andhra Pradesh","approved","paid","Marpina Koteswara Rao","23B91A05H2","kotimarpina143@gmail.com","9121228970","CSE","3rd","https://res.cloudinary.com/dvzm0fata/image/upload/v1770383948/hackathon_ids/gkhgjddw60h7vrpujo23.jpg","No","No","S.Sai Ganesh","23B91A61G1","saiganesh191919@gmail.com","8507197777","AIML","3rd","https://res.cloudinary.com/dvzm0fata/image/upload/v1770383949/hackathon_ids/v0x2xzfrxfnxy17i8r1p.jpg","No","No","B.Hemanth","23B91A4715","hemanthbolla252@gmail.com","9346122121","CIC","3rd","https://res.cloudinary.com/dvzm0fata/image/upload/v1770383951/hackathon_ids/nshvud3prw6nci39rg2y.jpg","No","No","P.Abhi Ram","24B95A0529","abhiramkov@gmail.com","9347609828","CSE","3rd","https://res.cloudinary.com/dvzm0fata/image/upload/v1770383952/hackathon_ids/zqxodjkx1g5icwccw8yk.jpg","No","No","AI-Based Steganography Detection Platform","https://res.cloudinary.com/dvzm0fata/raw/upload/v1770383946/hackathon_ppts/o4hytrbrn2hu4wtzc9db.pptx","WhatsApp","9346122121","Posters/Flyers","2/6/2026, 6:49:14 PM"
"LOGIC LORDS","3","Maharaj Vijayaram Gajapathi Rai College of Engineering","Vizianagaram","Andhra Pradesh","approved","paid","N.Tarun Kumar","23331A04B9","narayanarao192009@gmail.com","9515260102","ECE","3rd","https://res.cloudinary.com/dvzm0fata/image/upload/v1770380122/hackathon_ids/fk3x7s32agb1cbwh33iz.jpg","No","No","K.Gowtham kumar singh ","23331A0494","gowthamsinghkshathriya@gmail.com","7989860150","ECE","3rd","https://res.cloudinary.com/dvzm0fata/image/upload/v1770380123/hackathon_ids/sg8fxspguwzkfctmpdpd.jpg","No","No","N.Dhinesh","23331A04C1","neyigapuladineshkumar@gmail.com","9182851982","ECE","3rd","https://res.cloudinary.com/dvzm0fata/image/upload/v1770380125/hackathon_ids/jhmgbexyuktllesnnmkt.jpg","No","No",,,,,,,,,,"No More Cabin Guessing – Smart Lecturer Availability","https://res.cloudinary.com/dvzm0fata/raw/upload/v1770380121/hackathon_ppts/hui1wyr3xrfbehfex606.pptx","WhatsApp","9515260102","WhatsApp Group","2/6/2026, 5:45:26 PM"
"Team Rahadaari","4","Maharaj Vijayram Gajapatha Raj College of Engineering","vizianagaram","Andhra Pradesh","approved",,"Bellana Pavithra","24331A1217","pavithrabellana2@gmail.com","8978424598","IT","2nd","https://res.cloudinary.com/dvzm0fata/image/upload/v1770378266/hackathon_ids/z4nqdldb1922xiooicu2.jpg","No","No","Gummala Anjali","24331A1248","seshalaxmi7075@gmail.com","9908057179","IT","2nd","https://res.cloudinary.com/dvzm0fata/image/upload/v1770378267/hackathon_ids/a5slojgffeaufaget2ls.jpg","No","No","Bollapragada Gayathri","24331A1221","bollapragadagayatri20@gmail.com","6300676297","IT","2nd","https://res.cloudinary.com/dvzm0fata/image/upload/v1770378268/hackathon_ids/kv9kwnbnnhxylnrky9od.jpg","No","No","Bantupalli Manasa","24331A1215","bantupallimanasa28@gmail.com","7416701199","IT","2nd","https://res.cloudinary.com/dvzm0fata/image/upload/v1770378268/hackathon_ids/rjm8qgkbs8sn7ogcrqjn.jpg","No","No","Bus alert system","https://res.cloudinary.com/dvzm0fata/raw/upload/v1770378264/hackathon_ppts/vizlri4a1ppnhxwuwxbv.pptx","WhatsApp","8978424598","WhatsApp Group","2/6/2026, 5:14:31 PM"
"Alpha Squad","4","Potti Sriramulu Chalavadhi Mallikarjuna Rao Collge of Engineering and Technology","Vijayawada","Andhra Pradesh","approved",,"KATI SAMUEL","24KT1A5424","katisamuel4424@gmail.com","9032651329","AID","2nd","https://res.cloudinary.com/dvzm0fata/image/upload/v1770049524/hackathon_ids/alpha_squad_kati_sam_YlmEdzBO7CUN6ordujWRADaMdln1_1770049523730_id_card.jpg.jpg","No","No","ALURI DEEPIKA","23491A0504","23491a0504@qiscet.edu.in","9000438353","CSE","3rd","https://res.cloudinary.com/dvzm0fata/image/upload/v1770049525/hackathon_ids/alpha_squad_aluri_de_YlmEdzBO7CUN6ordujWRADaMdln1_1770049525551_id_card.jpg.jpg","No","No","GADE GAYATHRI","23491A0530","23491a0530@qiscet.edu.in","9491779783","CSE","3rd","https://res.cloudinary.com/dvzm0fata/image/upload/v1770049527/hackathon_ids/alpha_squad_gade_gay_YlmEdzBO7CUN6ordujWRADaMdln1_1770049527448_id_card.jpg.jpg","No","No","CHENNAREDDY BHAVANA","23491A0519","23491a0519@qiscet.edu.in","6281816903","CSE","3rd","https://res.cloudinary.com/dvzm0fata/image/upload/v1770049529/hackathon_ids/alpha_squad_chennare_YlmEdzBO7CUN6ordujWRADaMdln1_1770049529076_id_card.jpg.jpg","No","No","Smart campus Safety & Incident Detection System","https://res.cloudinary.com/dvzm0fata/image/upload/v1770049522/hackathon_ppts/alpha_squad_smart_ca_YlmEdzBO7CUN6ordujWRADaMdln1_1770049522164_AADHRITA_HACK24_.pdf.pdf","WhatsApp","9032651329","Friends/Peers","2/2/2026, 9:55:31 PM"
"CODE CLUSTERS","4","MAHARAJ VIJAYARAM GAJAPATHI RAJ COLLEGE OF ENGINNERING","VIZIANAGARAM","Andhra Pradesh","approved","paid","MADDILA KEERTHI","24331A05G4","24331a05g4@mvgrce.edu.in","8978493348","CSE","2nd","https://res.cloudinary.com/dvzm0fata/image/upload/v1769931562/hackathon_ids/code_clusters_maddil_HAy18JzlygbfFWwZWFS7ZBDdH7q1_1769931562167_id_card.jpg.jpg","No","No","MYNAPU DAKSHAINI","24331A05J3","24331a05j3@mvgrce.edu.in","7330743757","CSE","2nd","https://res.cloudinary.com/dvzm0fata/image/upload/v1769931563/hackathon_ids/code_clusters_mynapu_HAy18JzlygbfFWwZWFS7ZBDdH7q1_1769931563673_id_card.jpg.jpg","No","No","KONCHADA SAI CHANDANA","24331A05E2","24331a05e2@mvgrce.edu.in","6281562110","CSE","2nd","https://res.cloudinary.com/dvzm0fata/image/upload/v1769931565/hackathon_ids/code_clusters_koncha_HAy18JzlygbfFWwZWFS7ZBDdH7q1_1769931565513_id_card.jpg.jpg","No","No","NALLA MOUNIKA","24331A05J7","24331a05j7@mvgrce.edu.in","9440738521","CSE","2nd","https://res.cloudinary.com/dvzm0fata/image/upload/v1769931568/hackathon_ids/code_clusters_nalla__HAy18JzlygbfFWwZWFS7ZBDdH7q1_1769931568028_id_card.jpg.jpg","No","No","HERMES AI","https://res.cloudinary.com/dvzm0fata/image/upload/v1769931560/hackathon_ppts/code_clusters_hermes_HAy18JzlygbfFWwZWFS7ZBDdH7q1_1769931560231_HERMES_AI__TEAM_CODE_CLUSTERS_.pdf.pdf","Email","8978493348","WhatsApp Group","2/1/2026, 1:09:30 PM"
"Vision X","3","AARUPADAI VEEDU INSTITUTE OF TECHNOLOGY ","CHENNAI ","Tamilnadu ","approved",,"GANDI HARSHA VARDHAN ","3702310528","gandiharshavardhan1604@gmail.com","9121421418","CSE ","3rd yr ","https://res.cloudinary.com/dvzm0fata/image/upload/v1769855277/hackathon_ids/vision_x_gandi_harsh_HZAVF4UcaCdS0powrVjBE4EeQyW2_1769855277014_id_card.jpg.jpg","No","No","LAVANYA V ","3502310539","lavanyaveerakumar0312@gmail.com","9094803187","CSE ","3RD YR","https://res.cloudinary.com/dvzm0fata/image/upload/v1769855280/hackathon_ids/vision_x_lavanya_v__HZAVF4UcaCdS0powrVjBE4EeQyW2_1769855280356_id_card.jpg.jpg","No","No","GANDIKOTA HEMAVARDHAN SEARCH ","3702310529","gandikotahemavardhan@gmail.com","8978702881","CSE AIML ","3rd yr","https://res.cloudinary.com/dvzm0fata/image/upload/v1769855283/hackathon_ids/vision_x_gandikota_h_HZAVF4UcaCdS0powrVjBE4EeQyW2_1769855283333_id_card.jpg.jpg","No","No",,,,,,,,,,"AI-Powered Civic lsse Reporting & Smart Goverwance System ","https://res.cloudinary.com/dvzm0fata/image/upload/v1769855273/hackathon_ppts/vision_x_ai_powered__HZAVF4UcaCdS0powrVjBE4EeQyW2_1769855273554_Civic_AI___AI-Powered_Civic_Is.pdf.pdf","WhatsApp","9121421418","Friends/Peers","1/31/2026, 3:58:05 PM"
"Warrior ","2","Miracle educational college","Vizianagaram ","Andhra Pradesh","approved",,"D.Harshini","246C1A5406","harshini.dandamudi2007@gmail.com","9347720586","Ai&ds","2nd","https://res.cloudinary.com/dvzm0fata/image/upload/v1769529157/hackathon_ids/warrior__d_harshini_Xuo8OXRAwhb0ujg5cKOX9KQkcXF2_1769529156924_id_card.jpg.jpg","No","No","Y.mahesh","246C1A5496","maheshyadla00@gmail.com","7995709208","AI&DS","2nd ","https://res.cloudinary.com/dvzm0fata/image/upload/v1769529159/hackathon_ids/warrior__y_mahesh_Xuo8OXRAwhb0ujg5cKOX9KQkcXF2_1769529159535_id_card.jpg.jpg","No","No",,,,,,,,,,,,,,,,,,,"Ai in education ","https://res.cloudinary.com/dvzm0fata/image/upload/v1769529155/hackathon_ppts/warrior__ai_in_educa_Xuo8OXRAwhb0ujg5cKOX9KQkcXF2_1769529155025_AI_in_Education.pdf.pdf","WhatsApp","7995709208","Friends/Peers","1/27/2026, 9:22:41 PM"
"JAYAM","4","Maharaj Vijayaram Gajapathi Raj College of Engineering","Vizianagaram,Andra Pradesh,India","Andhra Pradesh","approved","paid","Bonthu Jayanthi","24331A0723","jayanthibonthu@gmail.com","7981758939","CSIT","2nd","https://res.cloudinary.com/dvzm0fata/image/upload/v1769429728/hackathon_ids/jayam_bonthu_jayanth_LstMxRxPlEVfKkb4YB5l6R0uofr2_1769429728042_id_24331a0723.jpeg.jpg","No","No","Bandaru Venkata Maha lakshmi","24331A0711","mahabandaru3228@gmail.com","8184863228","CSIT","2nd","https://res.cloudinary.com/dvzm0fata/image/upload/v1769429731/hackathon_ids/jayam_bandaru_venkat_LstMxRxPlEVfKkb4YB5l6R0uofr2_1769429731676_id_24331a0711.jpeg.jpg","No","No","Bobbili Surya Sree","24331A0719","suryasreebobbili2007@gmail.com","8500743682","CSIT","2nd","https://res.cloudinary.com/dvzm0fata/image/upload/v1769429734/hackathon_ids/jayam_bobbili_surya__LstMxRxPlEVfKkb4YB5l6R0uofr2_1769429734201_id_24331a0719.jpeg.jpg","No","No","Banka Teja","24331A0713","tejabanka396@gmail.com","9014712400","CSIT","2nd","https://res.cloudinary.com/dvzm0fata/image/upload/v1769429737/hackathon_ids/jayam_banka_teja_LstMxRxPlEVfKkb4YB5l6R0uofr2_1769429737123_id_24331a0713.jpeg.jpg","No","No","Smart Classrooms for Smarter Learning ","https://res.cloudinary.com/dvzm0fata/raw/upload/v1769429768/hackathon_ppts/jayam_smart_classroo_LstMxRxPlEVfKkb4YB5l6R0uofr2_1769429767968_AADHRITA__PPT.pptx","WhatsApp","7981758939","Social Media (Instagram/LinkedIn)","1/26/2026, 5:46:10 PM"
"Tech Connect","4","ANIL NEERUKONDA INSTITUTE OF TECHNOLOGY AND SCIENCE ","VISAKHAPATNAM","Andhra Pradesh","approved","paid","BODDU MOHAN RAO","A23126511131","boddumohanrao.23.it@anits.edu.in","9573112302","INF","3rd","https://res.cloudinary.com/dvzm0fata/image/upload/v1769324417/hackathon_ids/tech_connect_boddu_m_RGKJbW707PdfsWzOPAdnPkpElln1_1769324417382_WhatsApp_Image_2026-01-19_at_2.jpeg.jpg","No","No","MAHANTI GUNAVARDHAN","A23126511156","mahantigunavardhan.23.it@anits.edu.in","9391305886","INF","3rd","https://res.cloudinary.com/dvzm0fata/image/upload/v1769324422/hackathon_ids/tech_connect_mahanti_RGKJbW707PdfsWzOPAdnPkpElln1_1769324422599_WhatsApp_Image_2026-01-19_at_2.jpeg.jpg","No","No","PATURI KIRAN TEJA","A23126510105","paturikiranteja.23.it@anits.edu.in","6304098857","CSE","3rd","https://res.cloudinary.com/dvzm0fata/image/upload/v1769324425/hackathon_ids/tech_connect_paturi__RGKJbW707PdfsWzOPAdnPkpElln1_1769324425584_WhatsApp_Image_2026-01-19_at_2.jpeg.jpg","No","No","BEJJIPURAPU JYOTHSNA","CS1-28","jyostnabejjipurapu@gmail.com","8143608367","CSE","3rd","https://res.cloudinary.com/dvzm0fata/image/upload/v1769324430/hackathon_ids/tech_connect_bejjipu_RGKJbW707PdfsWzOPAdnPkpElln1_1769324430787_WhatsApp_Image_2026-01-20_at_0.jpeg.jpg","No","No","CIVIC ISSUE REPORTING AND RESOLUTIONS","https://res.cloudinary.com/dvzm0fata/image/upload/v1769324444/hackathon_ppts/tech_connect_civic_i_RGKJbW707PdfsWzOPAdnPkpElln1_1769324444095_TECH-CONNECT.pdf.pdf","WhatsApp","9573112302","Friends/Peers","1/25/2026, 12:30:45 PM"
"Challenging Acceptors","3","Narsimha Reddy Engineering College","Hyderabad","Telangana","approved",,"SUNKU VENKATA SAI VARDHAN","24X05A6616","24x05a6616@nrcmec.org","6303085334","AIML","3rd","https://res.cloudinary.com/dvzm0fata/image/upload/v1769073708/hackathon_ids/challenging_acceptor_H6uIJJ8Z4fd93hpHT2NtuBc0Dxo2_1769073708379_VARDHAN.jpeg.jpg","No","No","GURRALA THRISHUL","24X05A6606","24x05a6606@nrcmec.org","7330674350","AIML","3rd","https://res.cloudinary.com/dvzm0fata/image/upload/v1769073709/hackathon_ids/challenging_acceptor_H6uIJJ8Z4fd93hpHT2NtuBc0Dxo2_1769073709546_THRISHUL.jpeg.jpg","No","No","Sama Nivedith Reddy","24X05A6615","24x05a6615@nrcmec.org","7995029384","AIML","3rd","https://res.cloudinary.com/dvzm0fata/image/upload/v1769073710/hackathon_ids/challenging_acceptor_H6uIJJ8Z4fd93hpHT2NtuBc0Dxo2_1769073710950_NIVEDITH.jpeg.jpg","No","No",,,,,,,,,,"PLANT DISEASE CLASSIFICATION","https://res.cloudinary.com/dvzm0fata/image/upload/v1769073714/hackathon_ppts/challenging_acceptor_H6uIJJ8Z4fd93hpHT2NtuBc0Dxo2_1769073714501_PROJECT__1_.pdf.pdf","Phone Call","6303085334","College Faculty","1/22/2026, 2:51:56 PM"